level,remaining_spins,balance,total_spend,add_times
1,894,8.332001,50,4
1,894,0.0,50,4
1,886,32.999,50,4
1,894,5.0,50,4
3,6230.0,5.32695,50,4
1,894,32.666,50,4
1,891,1.6660004,50,4
1,880,1.6640015,50,4
1,894,0.0,50,4
1,888,7.9980006,50,4
1,894,9.999001,50,4
1,892,5.3320003,50,4
5,18474.0,6.974327,50,4
1,894,5.0,50,4
1,891,9.332001,50,4
1,894,6.666,50,4
1,893,5.6660004,50,4
1,894,7.0,50,4
1,890,8.666,50,4
1,892,2.3330002,50,4
1,894,0.0,50,4
1,893,7.666,50,4
1,893,26.666,50,4
1,891,7.3320007,50,4
1,894,0.0,50,4
1,894,3.3330002,50,4
1,892,6.6660004,50,4
2,2692.0,308.333,50,4
1,892,15.666,50,4
1,885,3.3320007,50,4
1,892,0.0,50,4
1,891,9.666,50,4
1,894,6.6660004,50,4
1,893,1.6650009,50,4
1,877,9.331001,50,4
1,874,1.3320007,50,4
1,894,0.0,50,4
1,894,3.3330002,50,4
2,2647.0,6.330986,50,4
1,894,0.0,50,4
1,894,3.3330002,50,4
1,894,0.0,50,4
1,894,0.0,50,4
1,890,8.333,50,4
1,894,4.9990005,50,4
1,882,9.332001,50,4
1,894,9.666,50,4
1,885,0.99900055,50,4
1,894,1.666,50,4
10,190614.0,3275.0127,10,0
1,893,5.0,50,4
1,894,4.9990005,50,4
1,894,0.0,50,4
1,876,9.0,50,4
1,887,7.666,50,4
1,891,25.332,50,4
1,894,3.3320007,50,4
1,894,26.0,50,4
1,877,6.3309937,50,4
1,894,3.3330002,50,4
1,893,1.0,50,4
1,893,9.999001,50,4
1,892,1.6660004,50,4
1,892,1.6660004,50,4
1,893,1.6660004,50,4
1,892,7.999,50,4
1,890,2.6660004,50,4
1,894,6.6660004,50,4
1,894,1.6660004,50,4
1,894,0.0,50,4
1,881,3.3320007,50,4
1,888,21.333,50,4
1,894,0.0,50,4
1,894,12.0,50,4
2,2666.0,4.328003,50,4
1,891,2.0,50,4
1,894,10.666,50,4
1,894,0.0,50,4
1,875,8.999001,50,4
1,894,14.0,50,4
1,891,2.3330002,50,4
1,892,15.666,50,4
1,893,0.0,50,4
1,894,9.999001,50,4
1,893,8.0,50,4
1,894,3.3330002,50,4
1,893,1.6660004,50,4
1,893,3.3330002,50,4
1,894,0.0,50,4
1,890,32.666,50,4
1,892,19.333,50,4
1,894,1.666,50,4
1,876,8.997002,50,4
1,894,0.0,50,4
1,894,18.0,50,4
1,894,0.0,50,4
1,893,4.0,50,4
5,18655.0,7.649124,50,4
1,893,4.0,50,4
1,893,2.0,50,4
6,28898.0,3.949051,50,4
1,894,12.666,50,4
1,886,3.3310013,50,4
10,190340.0,431.67474,30,2
1,889,6.9990005,50,4
1,889,3.3330002,50,4
1,894,0.0,50,4
1,894,12.0,50,4
1,892,1.0,50,4
1,894,0.0,50,4
1,892,0.0,50,4
1,893,1.6660004,50,4
3,6205.0,50.658005,50,4
2,2660.0,5.996002,50,4
1,888,8.333,50,4
1,874,23.665,50,4
1,894,1.6660004,50,4
1,894,3.6660004,50,4
2,2656.0,7.329994,50,4
1,894,0.0,50,4
1,886,1.9990005,50,4
1,894,6.9990005,50,4
1,893,0.0,50,4
1,894,2.0,50,4
1,894,14.666,50,4
1,889,2.0,50,4
1,894,0.0,50,4
1,894,0.0,50,4
1,894,8.332001,50,4
2,2694.0,302.333,50,4
1,894,3.3330002,50,4
1,892,105.333,50,4
1,890,18.333,50,4
1,888,7.6660004,50,4
1,889,8.332001,50,4
1,894,6.6660004,50,4
1,886,6.0,50,4
1,894,19.0,50,4
1,894,2.0,50,4
1,894,8.0,50,4
1,894,6.6660004,50,4
1,892,3.3330002,50,4
1,894,0.0,50,4
1,891,0.33200073,50,4
1,894,3.3330002,50,4
1,894,3.3330002,50,4
5,18647.0,3.3109818,50,4
1,894,6.666,50,4
1,894,6.6660004,50,4
2,2666.0,0.33000183,50,4
3,6229.0,9.996002,50,4
1,894,3.333,50,4
1,892,4.6660004,50,4
1,893,3.3320007,50,4
1,894,9.0,50,4
1,894,3.3330002,50,4
1,894,0.0,50,4
1,894,0.0,50,4
1,893,10.0,50,4
1,888,4.3320007,50,4
1,894,0.0,50,4
1,893,0.0,50,4
1,892,0.0,50,4
1,894,26.332,50,4
1,893,1.666,50,4
1,876,7.998001,50,4
1,894,0.0,50,4
1,894,3.333,50,4
1,886,2.6660004,50,4
1,881,1.0,50,4
1,894,26.0,50,4
1,894,1.6660004,50,4
1,894,8.332001,50,4
1,894,92.0,50,4
1,894,0.0,50,4
1,894,0.0,50,4
1,893,3.6660004,50,4
9,106210.0,8.817131,50,4
1,893,0.0,50,4
1,894,32.666,50,4
2,2667.0,15.330002,50,4
2,2658.0,0.9960098,50,4
1,894,3.333,50,4
1,884,8.333,50,4
1,894,16.666,50,4
1,894,1.666,50,4
1,893,7.666,50,4
1,886,4.9990005,50,4
1,887,6.6660004,50,4
1,894,20.666,50,4
1,894,3.3330002,50,4
1,894,13.333,50,4
1,891,3.3330002,50,4
1,894,0.0,50,4
1,894,0.0,50,4
4,11560.0,35.99005,50,4
1,894,0.0,50,4
1,894,9.0,50,4
1,891,4.9990005,50,4
3,6237.0,0.33003235,50,4
1,892,6.0,50,4
1,894,0.0,50,4
1,886,2.6660004,50,4
1,894,9.0,50,4
1,888,5.9990005,50,4
1,894,25.0,50,4
1,894,9.0,50,4
1,894,1.6660004,50,4
1,894,0.0,50,4
1,894,0.0,50,4
1,878,5.6640015,50,4
1,894,0.0,50,4
1,893,1.3330002,50,4
1,892,8.333,50,4
1,891,0.0,50,4
1,894,5.6660004,50,4
1,890,1.6660004,50,4
1,893,37.333,50,4
1,890,5.0,50,4
1,894,9.666,50,4
1,887,6.6660004,50,4
1,878,1.6650085,50,4
1,894,21.666,50,4
1,887,8.332001,50,4
4,11512.0,0.65296936,50,4
1,892,1.0,50,4
1,888,0.0,50,4
10,190933.0,6370.701,30,2
1,893,6.6660004,50,4
1,888,8.332001,50,4
1,894,0.0,50,4
1,891,3.6660004,50,4
1,870,9.998001,50,4
1,893,3.3330002,50,4
1,890,4.9990005,50,4
1,894,6.6660004,50,4
5,18599.0,4.313324,50,4
1,893,12.0,50,4
1,894,26.666,50,4
1,894,19.999,50,4
1,894,0.0,50,4
1,894,8.332001,50,4
1,894,1.6660004,50,4
1,890,24.0,50,4
1,877,8.332001,50,4
1,893,8.333,50,4
1,890,12.332001,50,4
1,894,0.0,50,4
1,894,41.666,50,4
1,894,4.9990005,50,4
1,872,3.3309937,50,4
1,891,11.666,50,4
1,890,8.665001,50,4
1,886,7.9990005,50,4
1,887,9.333,50,4
1,894,11.666,50,4
1,893,7.9990005,50,4
1,879,1.9990005,50,4
1,894,3.3330002,50,4
1,892,7.3320007,50,4
1,890,6.6660004,50,4
1,894,3.3330002,50,4
1,894,9.0,50,4
1,891,1.6660004,50,4
1,894,8.666,50,4
9,105658.0,6.7847443,50,4
1,894,3.3330002,50,4
1,893,3.3330002,50,4
1,894,3.3330002,50,4
1,894,3.333,50,4
1,892,13.332001,50,4
1,894,1.6660004,50,4
1,893,0.0,50,4
1,894,0.0,50,4
1,893,1.0,50,4
1,893,9.333,50,4
5,18653.0,9.320129,50,4
1,894,0.0,50,4
1,882,6.6660004,50,4
5,18572.0,193.63829,50,4
1,892,3.333,50,4
1,890,3.3320007,50,4
1,893,3.6660004,50,4
1,894,15.0,50,4
1,894,9.999001,50,4
1,894,3.333,50,4
1,894,21.0,50,4
1,887,8.332001,50,4
1,894,6.6660004,50,4
1,894,1.6660004,50,4
1,884,1.6650009,50,4
1,891,3.3320007,50,4
1,892,6.6660004,50,4
1,894,9.999001,50,4
1,892,3.3320007,50,4
1,894,0.0,50,4
1,893,6.6660004,50,4
1,894,1.6660004,50,4
1,886,3.665001,50,4
1,894,10.333,50,4
1,893,33.331,50,4
1,892,29.999,50,4
1,893,0.0,50,4
4,11581.0,9.993065,50,4
1,890,0.0,50,4
1,893,0.0,50,4
1,894,0.0,50,4
1,893,0.0,50,4
1,880,7.333,50,4
1,893,2.0,50,4
1,887,9.665001,50,4
1,894,1.6660004,50,4
1,894,6.6660004,50,4
1,891,5.0,50,4
1,886,11.331001,50,4
1,894,7.6660004,50,4
1,894,3.3320003,50,4
1,894,3.3330002,50,4
1,893,22.666,50,4
1,894,3.3330002,50,4
1,894,0.0,50,4
1,888,103.998,50,4
1,894,6.0,50,4
1,894,0.0,50,4
1,891,2.6660004,50,4
1,894,6.0,50,4
3,6226.0,0.99298096,50,4
1,893,7.0,50,4
1,893,9.333,50,4
1,889,7.333,50,4
3,6259.0,1506.665,50,4
1,887,5.333,50,4
1,894,1.666,50,4
1,894,0.0,50,4
2,2655.0,9.995995,50,4
1,894,0.0,50,4
1,894,6.666,50,4
2,2682.0,309.665,50,4
1,893,1.0,50,4
1,894,0.0,50,4
1,890,5.0,50,4
1,880,1.3320007,50,4
1,889,5.333,50,4
1,892,0.99900055,50,4
1,894,3.3330002,50,4
1,885,0.66600037,50,4
1,893,3.3330002,50,4
1,894,10.333,50,4
2,2647.0,4.6640015,50,4
1,891,5.9989996,50,4
1,893,1.6660004,50,4
1,894,12.666,50,4
1,894,0.0,50,4
10,190776.0,4799.6895,10,0
1,894,3.3330002,50,4
1,882,11.999001,50,4
1,891,0.99900055,50,4
1,892,3.0,50,4
1,894,2.0,50,4
1,894,0.0,50,4
1,894,6.6660004,50,4
1,894,3.333,50,4
1,894,138.333,50,4
2,2649.0,8.330002,50,4
1,892,3.3320007,50,4
1,894,0.0,50,4
1,894,5.0,50,4
1,889,4.9990005,50,4
1,892,5.9990005,50,4
1,874,6.6660156,50,4
1,878,5.6660004,50,4
1,894,3.6660004,50,4
6,29142.0,11.628662,50,4
1,894,25.0,50,4
4,11548.0,5.3229675,50,4
1,894,12.0,50,4
1,893,0.0,50,4
1,881,9.331001,50,4
1,892,0.0,50,4
1,883,1.0,50,4
1,894,6.6660004,50,4
1,894,5.0,50,4
1,893,1.0,50,4
1,893,20.0,50,4
1,886,8.999001,50,4
1,894,17.0,50,4
1,894,0.0,50,4
2,2664.0,3.3309784,50,4
1,894,0.0,50,4
1,886,23.0,50,4
1,888,6.664001,50,4
1,894,14.333,50,4
1,892,3.3330002,50,4
7,42747.0,27.258202,50,4
1,894,3.6660004,50,4
1,894,3.3330002,50,4
1,894,11.666,50,4
1,892,4.333,50,4
1,894,3.3330002,50,4
1,894,0.0,50,4
1,894,8.332001,50,4
1,893,3.3330002,50,4
1,874,9.998001,50,4
1,894,8.332001,50,4
1,893,6.0,50,4
1,894,3.3330002,50,4
1,894,4.999,50,4
2,2651.0,7.3280025,50,4
1,892,18.332,50,4
1,889,7.998001,50,4
1,894,0.0,50,4
1,892,9.999001,50,4
1,894,40.666,50,4
1,893,8.666,50,4
1,893,2.6660004,50,4
1,894,4.9990005,50,4
1,894,2.0,50,4
1,878,5.665001,50,4
1,894,9.999001,50,4
2,2662.0,5.996994,50,4
1,894,0.0,50,4
1,892,0.0,50,4
1,889,4.0,50,4
1,894,1.6660004,50,4
1,892,1.0,50,4
1,889,7.6660004,50,4
1,892,64.333,50,4
1,873,13.332001,50,4
1,892,13.333,50,4
1,894,4.999,50,4
1,894,5.0,50,4
1,890,10.999001,50,4
1,894,9.999001,50,4
1,892,1.6660004,50,4
1,891,74.999,50,4
1,894,3.3330002,50,4
1,894,6.6660004,50,4
1,884,8.666,50,4
5,18625.0,2.651146,50,4
2,2663.0,3.3319778,50,4
1,894,0.0,50,4
1,894,0.0,50,4
1,894,3.333,50,4
1,894,0.0,50,4
4,11573.0,8.990974,50,4
1,893,6.6660004,50,4
1,894,6.6660004,50,4
7,43235.0,7.937866,50,4
1,891,0.99900055,50,4
1,894,60.666,50,4
1,893,7.3320007,50,4
1,893,21.0,50,4
1,889,5.0,50,4
1,894,2.0,50,4
1,890,6.0,50,4
1,884,5.9990005,50,4
1,894,0.0,50,4
1,894,1.666,50,4
1,894,3.3330002,50,4
1,894,0.0,50,4
1,890,4.333,50,4
1,894,0.0,50,4
3,6239.0,3.665039,50,4
1,888,94.666,50,4
1,894,1.6660004,50,4
1,894,0.0,50,4
1,887,6.665001,50,4
1,894,0.0,50,4
1,888,3.9990005,50,4
1,894,8.333,50,4
1,892,0.0,50,4
1,894,0.0,50,4
1,888,3.3330002,50,4
1,894,7.0,50,4
1,894,0.0,50,4
1,892,31.666,50,4
1,893,3.666,50,4
1,893,5.333,50,4
1,894,6.9990005,50,4
1,894,5.0,50,4
1,885,9.666,50,4
1,891,3.6660004,50,4
1,894,0.0,50,4
2,2658.0,2.331009,50,4
1,894,0.0,50,4
1,889,4.9990005,50,4
2,2650.0,3.9940033,50,4
1,894,3.333,50,4
1,891,3.0,50,4
1,886,8.0,50,4
2,2646.0,9.327988,50,4
1,894,3.333,50,4
1,894,6.666,50,4
1,894,0.0,50,4
1,894,3.3330002,50,4
1,893,8.665001,50,4
1,893,1.666,50,4
1,894,9.999001,50,4
1,891,3.0,50,4
1,881,1.3330002,50,4
9,104627.0,13.696938,50,4
1,894,5.0,50,4
1,892,3.3320007,50,4
1,893,5.0,50,4
1,893,7.6660004,50,4
1,894,5.0,50,4
1,894,6.6660004,50,4
1,894,0.0,50,4
1,894,17.0,50,4
1,894,3.3330002,50,4
1,891,8.333,50,4
1,885,3.6660004,50,4
1,894,0.0,50,4
1,894,7.0,50,4
1,894,3.3330002,50,4
1,894,1.6660004,50,4
1,893,4.9990005,50,4
1,894,0.0,50,4
1,888,5.333,50,4
1,876,7.998993,50,4
1,893,0.33300018,50,4
1,881,6.3320007,50,4
1,886,5.9990005,50,4
2,2693.0,249.99799,50,4
7,42956.0,26.589401,50,4
1,894,3.3330002,50,4
1,894,5.0,50,4
1,893,0.99900055,50,4
1,894,6.6660004,50,4
1,894,8.333,50,4
1,888,6.665001,50,4
1,893,213.332,50,4
1,892,4.333,50,4
1,893,14.0,50,4
1,889,6.3320003,50,4
1,893,9.999001,50,4
1,891,9.332001,50,4
1,884,10.999001,50,4
5,18647.0,6.6482162,50,4
1,894,6.6660004,50,4
1,892,7.333,50,4
1,891,29.665,50,4
1,893,9.0,50,4
4,11516.0,5.319977,50,4
1,894,40.0,50,4
1,894,7.6660004,50,4
1,894,6.6660004,50,4
1,894,11.666,50,4
1,894,0.0,50,4
1,887,80.999,50,4
5,18475.0,3.9694214,50,4
1,894,6.666,50,4
1,894,13.332001,50,4
1,893,0.0,50,4
1,892,0.66600037,50,4
1,894,1.6660004,50,4
1,889,4.6660004,50,4
1,894,9.999001,50,4
1,894,3.3330002,50,4
1,894,1.6660004,50,4
1,892,0.0,50,4
1,892,0.66600037,50,4
1,892,1.6660004,50,4
1,894,0.0,50,4
1,894,6.6660004,50,4
9,104442.0,6.373825,50,4
1,893,6.333,50,4
1,893,8.332001,50,4
4,11575.0,0.9899826,50,4
1,894,6.666,50,4
6,28950.0,8.9446945,50,4
1,894,3.333,50,4
1,880,4.6640015,50,4
1,894,54.0,50,4
1,894,0.0,50,4
5,18623.0,4.9790115,50,4
3,6201.0,4.9920197,50,4
3,6232.0,2.995964,50,4
1,894,0.0,50,4
1,877,11.665009,50,4
1,894,6.6660004,50,4
1,879,14.332001,50,4
1,894,6.6660004,50,4
1,887,7.333,50,4
1,894,4.0,50,4
1,892,4.333,50,4
1,894,6.6660004,50,4
1,891,5.0,50,4
1,894,0.0,50,4
1,891,0.0,50,4
1,894,6.666,50,4
2,2662.0,9.661995,50,4
1,893,6.6660004,50,4
1,894,0.0,50,4
1,894,6.666,50,4
1,893,1.6660004,50,4
1,893,44.0,50,4
1,893,22.0,50,4
6,29132.0,14.286476,50,4
1,893,17.666,50,4
1,894,0.0,50,4
3,6205.0,4.3269806,50,4
8,64135.0,7.558235,50,4
1,894,6.6660004,50,4
1,894,0.0,50,4
1,893,10.999001,50,4
1,891,23.332,50,4
1,893,9.0,50,4
1,894,0.0,50,4
1,894,3.3330002,50,4
1,894,6.666,50,4
1,894,8.0,50,4
3,6206.0,6.325973,50,4
1,894,1.6660004,50,4
1,894,7.0,50,4
1,893,30.0,50,4
2,2663.0,17.665,50,4
1,889,4.333,50,4
1,894,13.333,50,4
1,881,1.6660004,50,4
1,894,8.333,50,4
1,893,9.0,50,4
4,11625.0,598.661,50,4
2,2667.0,1.663002,50,4
1,894,21.0,50,4
1,894,23.666,50,4
1,894,5.0,50,4
2,2650.0,8.329979,50,4
1,885,25.333,50,4
1,892,3.3320007,50,4
1,893,8.332001,50,4
1,892,6.6660004,50,4
3,6195.0,0.99398804,50,4
1,894,0.0,50,4
1,889,8.332001,50,4
1,892,6.665001,50,4
2,2693.0,278.99902,50,4
1,889,8.666,50,4
1,894,8.333,50,4
1,890,13.332001,50,4
1,893,7.0,50,4
10,190608.0,3105.0,20,1
1,888,6.6660004,50,4
2,2666.0,13.997002,50,4
1,893,8.332001,50,4
1,894,6.6660004,50,4
1,883,5.0,50,4
1,891,8.332001,50,4
1,894,6.6660004,50,4
1,894,23.666,50,4
1,892,8.0,50,4
1,880,6.6660004,50,4
1,894,0.0,50,4
1,894,3.333,50,4
1,894,6.6660004,50,4
1,892,2.3330002,50,4
1,894,0.0,50,4
1,894,0.0,50,4
1,894,0.0,50,4
1,885,7.665001,50,4
1,893,9.0,50,4
1,894,9.0,50,4
1,893,8.666,50,4
1,894,6.6660004,50,4
1,883,10.6640005,50,4
1,878,9.666,50,4
2,2663.0,4.664009,50,4
1,892,8.333,50,4
1,894,3.3330002,50,4
1,894,16.665,50,4
1,894,5.0,50,4
1,877,7.998001,50,4
1,891,0.0,50,4
1,894,0.0,50,4
1,894,0.0,50,4
1,889,0.66600037,50,4
1,894,1.666,50,4
1,894,19.333,50,4
1,892,0.0,50,4
1,891,6.9990005,50,4
1,894,1.6660004,50,4
1,884,5.333,50,4
1,894,1.6660004,50,4
5,18438.0,8.296265,50,4
1,893,5.333,50,4
1,894,5.0,50,4
1,890,2.6660004,50,4
1,894,3.333,50,4
1,890,0.0,50,4
1,894,0.0,50,4
1,894,63.666,50,4
1,892,9.333,50,4
1,891,3.3310013,50,4
1,894,0.0,50,4
1,894,3.333,50,4
1,894,8.333,50,4
1,884,64.665,50,4
1,894,0.0,50,4
1,894,0.0,50,4
1,892,12.333,50,4
1,894,0.0,50,4
1,894,6.6660004,50,4
3,6224.0,8.660034,50,4
1,892,8.332001,50,4
1,893,8.332001,50,4
1,894,3.3330002,50,4
1,894,0.0,50,4
1,894,5.0,50,4
1,894,0.0,50,4
1,893,1.6660004,50,4
3,6236.0,3.3290176,50,4
1,894,0.0,50,4
2,2649.0,1.661026,50,4
1,894,5.0,50,4
9,105340.0,6.434181,50,4
1,890,5.6660004,50,4
1,894,0.0,50,4
1,894,15.0,50,4
1,894,6.6650004,50,4
1,894,0.0,50,4
1,888,3.6660001,50,4
4,11547.0,9.990036,50,4
1,893,3.666,50,4
1,893,4.999,50,4
1,891,12.666,50,4
1,893,5.0,50,4
1,892,8.333,50,4
1,891,0.0,50,4
6,29137.0,9.628593,50,4
1,894,5.0,50,4
1,894,6.6660004,50,4
1,893,1.6660004,50,4
1,893,6.6660004,50,4
1,893,9.0,50,4
1,893,0.0,50,4
1,892,24.999,50,4
1,894,0.0,50,4
1,888,8.332001,50,4
1,881,109.998,50,4
1,894,3.3330002,50,4
7,42694.0,0.9136734,50,4
5,18558.0,6.642067,50,4
1,890,5.3320007,50,4
1,893,7.6660004,50,4
1,891,8.999001,50,4
1,892,12.0,50,4
1,894,213.333,50,4
1,891,3.3320003,50,4
1,894,1.6660004,50,4
1,893,9.0,50,4
1,894,3.3330002,50,4
1,891,8.666,50,4
1,893,13.666,50,4
1,894,0.0,50,4
1,892,0.0,50,4
1,894,1.6660004,50,4
1,894,8.332001,50,4
1,875,4.9970016,50,4
2,2648.0,8.328987,50,4
1,888,1.3330002,50,4
1,885,7.9990005,50,4
1,894,0.0,50,4
1,889,10.666,50,4
1,894,6.6660004,50,4
2,2667.0,8.330994,50,4
1,893,3.3320003,50,4
1,894,13.332001,50,4
1,892,6.6660004,50,4
1,893,8.333,50,4
1,887,8.0,50,4
1,888,6.3320007,50,4
1,893,9.666,50,4
7,43005.0,7.265289,50,4
1,894,0.0,50,4
1,891,5.333,50,4
1,893,3.666,50,4
1,893,2.6660004,50,4
1,893,3.6660004,50,4
1,894,0.0,50,4
1,892,5.6660004,50,4
1,894,20.999,50,4
1,892,24.332,50,4
1,894,6.6660004,50,4
1,882,4.9970016,50,4
1,892,0.0,50,4
1,893,9.999001,50,4
7,43074.0,0.5974884,50,4
1,894,0.0,50,4
5,18553.0,9.631134,50,4
1,887,4.6660004,50,4
1,892,9.999001,50,4
1,894,10.0,50,4
2,2668.0,11.664993,50,4
1,885,9.331001,50,4
1,894,19.0,50,4
1,894,0.0,50,4
1,894,3.3330002,50,4
1,892,3.0,50,4
1,893,5.9990005,50,4
5,18688.0,18.984154,50,4
2,2654.0,8.328003,50,4
1,892,1.0,50,4
1,894,9.999001,50,4
1,894,6.0,50,4
1,893,1.6660004,50,4
2,2650.0,8.663979,50,4
1,894,9.0,50,4
1,892,6.333,50,4
1,889,0.0,50,4
1,888,6.6660004,50,4
1,894,10.0,50,4
1,894,1.6660004,50,4
1,894,0.0,50,4
1,894,6.6660004,50,4
1,894,0.0,50,4
3,6205.0,10.327972,50,4
1,894,6.6660004,50,4
1,890,5.3320003,50,4
1,894,0.0,50,4
1,888,0.0,50,4
1,886,4.9990005,50,4
1,894,3.3320003,50,4
2,2659.0,0.99700165,50,4
1,894,6.999,50,4
1,894,0.0,50,4
1,894,0.0,50,4
1,893,1.6660004,50,4
1,887,29.332,50,4
1,893,5.333,50,4
1,890,6.6660004,50,4
1,881,4.0,50,4
1,891,0.33300018,50,4
3,6240.0,8.328011,50,4
1,893,13.332001,50,4
3,6210.0,9.330009,50,4
1,894,0.0,50,4
1,893,7.0,50,4
1,885,1.6650009,50,4
1,894,24.999,50,4
1,894,1.6660004,50,4
2,2662.0,6.331993,50,4
4,11525.0,9.990173,50,4
1,894,36.666,50,4
1,884,5.3320007,50,4
2,2660.0,2.9969864,50,4
1,894,0.0,50,4
1,894,0.0,50,4
1,894,3.3330002,50,4
2,2674.0,173.332,50,4
1,892,14.333,50,4
1,893,4.9990005,50,4
1,894,0.0,50,4
1,889,4.9990005,50,4
1,892,0.0,50,4
1,894,25.0,50,4
5,18687.0,21.316902,50,4
1,875,8.999008,50,4
1,894,0.0,50,4
1,890,8.0,50,4
1,891,0.0,50,4
1,894,0.0,50,4
1,894,0.0,50,4
1,894,1.666,50,4
1,893,2.3320007,50,4
1,894,5.0,50,4
1,887,14.332001,50,4
1,894,0.0,50,4
1,894,5.0,50,4
1,891,3.3330002,50,4
1,893,10.666,50,4
1,894,1.6660004,50,4
1,890,1.6660004,50,4
1,893,7.333,50,4
1,891,3.0,50,4
1,892,8.333,50,4
5,18569.0,8.306,50,4
1,894,9.333,50,4
1,894,5.0,50,4
1,889,56.332,50,4
6,29111.0,2.960205,50,4
4,11539.0,10.31897,50,4
1,888,0.33200073,50,4
2,2691.0,336.66602,50,4
1,894,8.333,50,4
1,893,8.332001,50,4
1,893,8.332001,50,4
1,890,6.0,50,4
1,894,6.6660004,50,4
1,894,3.333,50,4
1,894,1.6660004,50,4
1,890,1.666,50,4
1,893,6.6660004,50,4
1,894,33.333,50,4
1,884,1.3330002,50,4
1,894,0.0,50,4
1,893,13.666,50,4
1,891,0.66600037,50,4
1,878,25.0,50,4
1,892,8.333,50,4
1,892,6.0,50,4
1,892,1.6660004,50,4
1,880,0.0,50,4
1,894,0.0,50,4
1,893,6.6660004,50,4
3,6218.0,8.327995,50,4
1,894,0.0,50,4
1,885,6.333,50,4
1,889,6.665001,50,4
1,894,0.0,50,4
1,893,4.333,50,4
5,18503.0,3.6433105,50,4
1,894,0.0,50,4
1,889,12.666,50,4
1,894,0.0,50,4
1,882,6.3320007,50,4
1,894,0.0,50,4
1,894,3.333,50,4
1,893,6.333,50,4
1,893,3.3330002,50,4
1,891,11.665001,50,4
1,894,0.0,50,4
1,890,2.0,50,4
8,63646.0,20.86448,50,4
1,894,0.0,50,4
1,894,0.0,50,4
1,892,7.6660004,50,4
1,892,3.333,50,4
1,894,15.0,50,4
1,894,9.0,50,4
1,894,5.0,50,4
1,894,0.0,50,4
1,894,5.0,50,4
2,2668.0,3.3320007,50,4
1,894,0.0,50,4
1,887,0.0,50,4
1,894,0.0,50,4
1,894,19.999,50,4
1,887,6.3320007,50,4
1,894,6.0,50,4
1,894,1.666,50,4
1,894,0.0,50,4
1,885,4.3320007,50,4
3,6202.0,6.6620255,50,4
1,894,6.6660004,50,4
1,894,0.0,50,4
1,891,15.332001,50,4
6,29082.0,3.9557111,50,4
1,894,0.0,50,4
1,892,5.0,50,4
1,894,21.0,50,4
1,886,5.333,50,4
1,893,7.0,50,4
1,894,33.333,50,4
1,894,9.999001,50,4
1,894,0.0,50,4
1,893,3.3330002,50,4
1,894,6.666,50,4
1,888,4.0,50,4
1,890,0.0,50,4
3,6201.0,3.32798,50,4
2,2663.0,1.9990082,50,4
1,894,4.999,50,4
1,894,113.333,50,4
1,893,5.333,50,4
1,894,6.6660004,50,4
1,892,88.998,50,4
1,894,4.9990005,50,4
1,891,5.0,50,4
1,887,13.666,50,4
1,892,12.332001,50,4
1,894,0.0,50,4
1,894,0.0,50,4
1,893,6.6660004,50,4
1,894,5.0,50,4
1,894,5.0,50,4
1,892,0.0,50,4
1,894,0.0,50,4
1,889,21.666,50,4
1,892,3.333,50,4
1,893,3.0,50,4
1,894,50.666,50,4
1,894,8.332001,50,4
1,894,5.0,50,4
1,893,0.0,50,4
1,892,4.333,50,4
1,894,5.3329997,50,4
1,893,4.0,50,4
1,894,0.0,50,4
2,2664.0,5.9980006,50,4
1,894,6.0,50,4
1,894,0.0,50,4
5,18621.0,7.6491623,50,4
3,6225.0,4.6629868,50,4
1,894,6.0,50,4
1,894,5.0,50,4
1,894,4.999,50,4
1,894,0.0,50,4
1,894,0.0,50,4
3,6241.0,7.6629944,50,4
1,894,3.333,50,4
1,889,1.6660004,50,4
1,892,0.33300018,50,4
1,886,1.3330002,50,4
1,894,0.0,50,4
1,894,0.0,50,4
7,43199.0,3.6000977,50,4
1,894,16.999,50,4
1,894,6.6660004,50,4
1,892,8.332001,50,4
1,893,6.0,50,4
1,894,0.0,50,4
1,893,5.0,50,4
1,890,7.333,50,4
1,894,5.333,50,4
1,894,0.0,50,4
4,11565.0,2.6559982,50,4
1,892,3.9990005,50,4
1,894,6.666,50,4
1,893,2.0,50,4
1,889,6.0,50,4
6,29045.0,7.9396973,50,4
1,890,5.9990005,50,4
1,892,1.0,50,4
1,889,4.0,50,4
1,876,8.331985,50,4
1,894,1.666,50,4
1,894,53.333,50,4
1,894,13.666,50,4
1,890,21.0,50,4
2,2647.0,0.32898712,50,4
1,893,3.3330002,50,4
2,2656.0,5.6649933,50,4
1,894,0.0,50,4
1,894,1.666,50,4
1,888,3.3320007,50,4
1,891,2.0,50,4
1,894,9.666,50,4
1,887,2.3330002,50,4
1,892,3.3330002,50,4
1,882,9.665001,50,4
1,894,3.3330002,50,4
1,884,6.665001,50,4
1,894,0.0,50,4
1,894,19.0,50,4
1,894,0.0,50,4
2,2690.0,300.0,50,4
1,894,0.0,50,4
1,894,3.3330002,50,4
1,889,0.33200073,50,4
2,2652.0,3.32901,50,4
1,891,75.0,50,4
1,894,0.0,50,4
1,894,9.0,50,4
1,894,0.0,50,4
3,6218.0,2.6609726,50,4
1,892,3.3330002,50,4
1,894,13.333,50,4
9,105108.0,4.740036,50,4
1,893,2.0,50,4
1,894,9.0,50,4
1,893,1.6660004,50,4
1,894,11.666,50,4
1,894,4.9990005,50,4
1,894,0.0,50,4
1,894,1.6660004,50,4
7,42910.0,8.924019,50,4
1,894,140.999,50,4
1,889,8.665001,50,4
1,894,12.0,50,4
1,894,5.333,50,4
1,894,0.0,50,4
1,894,0.0,50,4
1,894,19.0,50,4
1,893,7.333,50,4
1,894,0.0,50,4
1,882,5.6660004,50,4
1,893,18.666,50,4
1,886,7.0,50,4
1,894,8.333,50,4
1,886,5.0,50,4
1,892,6.333,50,4
1,893,6.6660004,50,4
2,2659.0,0.3310089,50,4
1,894,4.9990005,50,4
1,893,0.0,50,4
1,888,5.6660004,50,4
1,894,6.6660004,50,4
1,894,0.0,50,4
1,894,188.99902,50,4
1,886,37.999,50,4
1,880,8.999001,50,4
1,871,9.331009,50,4
1,889,1.9990005,50,4
1,894,10.332001,50,4
1,894,12.999001,50,4
1,893,5.6660004,50,4
1,894,2.0,50,4
1,894,8.332001,50,4
1,894,1.6660004,50,4
1,894,0.0,50,4
1,893,1.666,50,4
1,891,1.666,50,4
2,2692.0,246.665,50,4
1,893,9.999001,50,4
1,894,3.3330002,50,4
1,894,6.0,50,4
1,890,4.9990005,50,4
1,894,35.666,50,4
1,894,13.0,50,4
1,894,3.333,50,4
1,894,6.6660004,50,4
1,885,5.9990005,50,4
1,891,6.333,50,4
1,894,9.0,50,4
1,889,2.3330002,50,4
1,894,1.666,50,4
1,893,2.0,50,4
1,893,6.6660004,50,4
1,894,20.0,50,4
1,891,9.333,50,4
2,2669.0,8.665001,50,4
1,894,0.0,50,4
1,884,5.9990005,50,4
1,890,158.66599,50,4
4,11567.0,1.3220444,50,4
1,894,6.6660004,50,4
1,892,7.3320003,50,4
5,18660.0,5.3089905,50,4
1,894,20.666,50,4
1,893,6.6660004,50,4
1,894,0.0,50,4
1,894,9.333,50,4
1,892,0.0,50,4
1,891,3.3320007,50,4
1,891,0.0,50,4
1,877,9.998993,50,4
1,891,3.3330002,50,4
1,892,26.666,50,4
1,894,0.0,50,4
1,894,1.666,50,4
1,894,0.0,50,4
1,892,6.333,50,4
1,892,1.6650009,50,4
1,892,6.0,50,4
4,11585.0,7.328018,50,4
5,18598.0,18.313385,50,4
1,894,0.0,50,4
1,894,2.0,50,4
2,2655.0,9.66301,50,4
1,894,8.332001,50,4
1,894,20.0,50,4
1,894,0.0,50,4
2,2667.0,4.6640167,50,4
1,879,2.3310013,50,4
1,894,1.6660004,50,4
2,2694.0,302.333,50,4
1,893,0.0,50,4
1,894,0.0,50,4
1,894,0.0,50,4
1,894,0.0,50,4
2,2669.0,6.997986,50,4
1,894,0.0,50,4
1,894,0.0,50,4
1,892,8.999001,50,4
1,894,0.0,50,4
1,894,9.333,50,4
1,893,8.0,50,4
1,894,3.6660004,50,4
1,894,12.666,50,4
1,893,0.0,50,4
1,891,5.0,50,4
1,892,3.0,50,4
1,893,1.0,50,4
1,894,9.999001,50,4
1,894,0.0,50,4
1,890,3.3330002,50,4
1,894,21.666,50,4
1,891,0.66600037,50,4
1,894,9.333,50,4
4,11495.0,7.3180695,50,4
1,894,0.0,50,4
1,876,7.6650085,50,4
1,894,10.333,50,4
1,894,0.0,50,4
1,894,0.0,50,4
1,885,3.664001,50,4
1,875,29.664993,50,4
1,894,1.666,50,4
1,892,0.0,50,4
1,894,16.666,50,4
1,885,29.999,50,4
8,63226.0,3.8337173,50,4
1,894,0.0,50,4
1,894,0.0,50,4
1,893,6.0,50,4
1,884,7.333,50,4
1,894,3.333,50,4
3,6222.0,6.99704,50,4
1,894,8.333,50,4
1,894,4.9990005,50,4
1,894,10.332,50,4
3,6242.0,4.6620026,50,4
1,890,9.999001,50,4
1,894,6.666,50,4
1,891,1.0,50,4
1,892,0.66600037,50,4
1,893,3.0,50,4
1,894,0.0,50,4
5,18645.0,4.3181076,50,4
1,894,0.0,50,4
1,894,30.0,50,4
1,889,6.3320003,50,4
1,894,39.666,50,4
1,891,2.3320003,50,4
1,893,6.9979997,50,4
1,893,7.6660004,50,4
1,894,6.6660004,50,4
1,894,19.333,50,4
1,892,5.0,50,4
2,2662.0,20.995003,50,4
1,894,6.665001,50,4
1,889,4.9990005,50,4
1,893,12.333,50,4
1,894,0.0,50,4
1,892,0.0,50,4
1,894,0.0,50,4
1,891,0.99900055,50,4
1,890,2.3330002,50,4
1,893,8.333,50,4
1,890,12.332001,50,4
1,894,33.333,50,4
1,893,5.333,50,4
1,894,0.0,50,4
2,2649.0,14.33197,50,4
4,11566.0,3.654953,50,4
1,870,5.9970016,50,4
1,891,6.0,50,4
5,18512.0,7.3092117,50,4
1,893,1.6660004,50,4
1,894,0.0,50,4
4,11522.0,4.6520844,50,4
1,894,0.0,50,4
1,893,9.999001,50,4
1,894,1.6660004,50,4
1,893,19.0,50,4
9,106016.0,3.8152995,50,4
1,880,14.665001,50,4
1,893,1.6650009,50,4
1,894,6.666,50,4
1,891,8.332001,50,4
1,894,0.0,50,4
1,894,4.999,50,4
1,894,8.332001,50,4
1,894,0.0,50,4
1,893,3.3330002,50,4
2,2669.0,8.665001,50,4
1,881,0.0,50,4
3,6242.0,37.996986,50,4
1,894,10.333,50,4
1,894,9.999001,50,4
1,894,6.6660004,50,4
1,893,3.3330002,50,4
1,893,5.333,50,4
1,894,24.333,50,4
1,894,8.333,50,4
1,892,5.0,50,4
1,891,9.999001,50,4
1,883,11.0,50,4
1,888,8.666,50,4
1,892,3.0,50,4
1,893,1.6660004,50,4
3,6229.0,3.6619644,50,4
1,894,6.666,50,4
1,893,0.0,50,4
1,893,1.6660004,50,4
1,893,4.9990005,50,4
1,892,2.6660004,50,4
1,891,5.6660004,50,4
1,894,13.333,50,4
1,894,0.0,50,4
6,29147.0,5.6236877,50,4
1,893,5.9989996,50,4
1,890,0.0,50,4
1,878,19.997002,50,4
1,894,1.6660004,50,4
1,894,2.0,50,4
2,2661.0,1.9989853,50,4
1,892,8.333,50,4
2,2663.0,5.331009,50,4
1,894,6.6660004,50,4
1,894,1.6660004,50,4
1,893,2.0,50,4
1,894,18.666,50,4
1,888,2.3320007,50,4
1,894,0.0,50,4
1,894,3.333,50,4
1,894,0.0,50,4
1,893,4.0,50,4
1,894,0.0,50,4
1,894,9.0,50,4
1,894,0.0,50,4
1,894,1.666,50,4
1,894,0.0,50,4
1,887,26.999,50,4
1,892,12.0,50,4
1,894,3.3330002,50,4
1,890,3.9990003,50,4
1,894,0.0,50,4
1,894,0.0,50,4
1,879,36.331,50,4
1,894,3.3330002,50,4
3,6224.0,11.99308,50,4
1,894,5.0,50,4
2,2650.0,2.9969711,50,4
1,889,7.998001,50,4
1,891,8.999001,50,4
1,893,4.333,50,4
1,894,3.3330002,50,4
1,891,5.0,50,4
1,894,3.3330002,50,4
3,6234.0,9.330009,50,4
4,11507.0,1.3189697,50,4
1,894,0.0,50,4
1,893,14.666,50,4
1,894,9.999001,50,4
1,892,0.66600037,50,4
3,6219.0,6.6640015,50,4
1,893,8.333,50,4
1,892,74.333,50,4
1,888,4.9990005,50,4
1,884,3.3330002,50,4
1,893,94.99899,50,4
2,2694.0,372.999,50,4
1,894,10.333,50,4
1,894,8.333,50,4
1,891,2.3330002,50,4
1,893,14.665999,50,4
1,894,0.0,50,4
1,878,6.333,50,4
1,894,3.3330002,50,4
1,894,0.0,50,4
1,884,5.6660004,50,4
1,894,0.0,50,4
1,894,0.0,50,4
1,893,0.0,50,4
1,894,0.0,50,4
1,888,7.6660004,50,4
1,894,3.3320003,50,4
1,894,1.6660004,50,4
10,190674.0,3875.6895,20,1
4,11587.0,4.658966,50,4
1,894,3.3330002,50,4
1,894,0.0,50,4
1,892,6.0,50,4
1,894,3.3330002,50,4
4,11597.0,92.65805,50,4
1,894,7.0,50,4
1,894,3.3330002,50,4
1,894,3.3320003,50,4
1,893,28.332,50,4
1,893,5.9990005,50,4
1,894,4.0,50,4
1,894,0.0,50,4
4,11592.0,8.995972,50,4
1,881,5.665001,50,4
1,894,5.0,50,4
1,894,3.3330002,50,4
2,2665.0,17.331001,50,4
1,894,11.0,50,4
4,11547.0,7.321968,50,4
1,893,3.3330002,50,4
1,892,1.0,50,4
1,894,6.6660004,50,4
1,894,23.333,50,4
1,880,25.332,50,4
1,894,3.3330002,50,4
1,894,0.0,50,4
1,894,9.999001,50,4
1,894,6.666,50,4
2,2653.0,10.330017,50,4
1,891,8.666,50,4
1,894,3.333,50,4
1,893,3.3330002,50,4
1,894,0.0,50,4
1,893,10.0,50,4
1,894,5.333,50,4
1,892,10.665001,50,4
1,891,6.6660004,50,4
9,106150.0,5.157814,50,4
4,11601.0,636.32495,50,4
1,893,13.332001,50,4
1,894,0.0,50,4
1,892,0.0,50,4
1,894,0.0,50,4
1,893,68.666,50,4
1,894,0.0,50,4
1,894,6.6660004,50,4
1,889,6.0,50,4
3,6208.0,54.32699,50,4
1,894,3.3330002,50,4
1,888,22.332,50,4
3,6196.0,6.325981,50,4
1,894,6.6660004,50,4
1,894,3.3330002,50,4
1,891,11.331001,50,4
1,891,1.666,50,4
1,894,6.666,50,4
1,894,0.0,50,4
1,894,5.0,50,4
1,894,5.0,50,4
1,884,14.666,50,4
1,894,10.0,50,4
1,894,0.0,50,4
1,884,16.0,50,4
1,894,25.0,50,4
1,894,3.3330002,50,4
1,891,13.666,50,4
5,18559.0,0.6414032,50,4
1,894,0.0,50,4
1,893,2.0,50,4
7,42960.0,44.90677,50,4
8,63927.0,6.211845,50,4
1,892,8.333,50,4
1,892,14.0,50,4
4,11590.0,3.3280258,50,4
3,6215.0,2.3279724,50,4
1,894,0.0,50,4
1,893,9.999001,50,4
1,893,4.0,50,4
1,887,7.333,50,4
1,894,22.665998,50,4
1,891,15.999001,50,4
1,894,6.6660004,50,4
1,894,0.0,50,4
1,875,17.666,50,4
1,894,9.999001,50,4
1,891,7.332,50,4
1,893,6.333,50,4
1,894,3.3330002,50,4
1,891,9.0,50,4
1,894,26.666,50,4
5,18618.0,6.9851832,50,4
1,894,8.333,50,4
1,894,111.333,50,4
1,894,4.9990005,50,4
8,63936.0,21.210808,50,4
1,894,0.0,50,4
1,890,18.666,50,4
1,894,14.333,50,4
1,891,1.6660004,50,4
1,893,6.998001,50,4
1,894,0.0,50,4
1,894,13.332001,50,4
1,892,3.3330002,50,4
1,894,0.0,50,4
1,894,0.0,50,4
1,894,9.0,50,4
1,894,1.6660004,50,4
1,894,6.6660004,50,4
1,894,1.6660004,50,4
1,894,1.666,50,4
1,889,13.999001,50,4
1,894,6.666,50,4
1,894,0.0,50,4
1,889,2.3320003,50,4
1,893,4.9990005,50,4
1,894,0.0,50,4
1,894,4.9990005,50,4
1,891,0.0,50,4
1,893,0.0,50,4
1,883,5.998001,50,4
1,894,3.332,50,4
1,894,4.0,50,4
1,892,5.333,50,4
1,894,6.666,50,4
1,893,38.666,50,4
1,886,36.666,50,4
1,890,79.665,50,4
1,890,1.0,50,4
1,893,8.332001,50,4
1,870,7.329002,50,4
1,894,0.0,50,4
1,893,4.333,50,4
1,892,12.666,50,4
1,894,93.666,50,4
1,874,13.999001,50,4
4,11579.0,23.657967,50,4
1,887,5.9980006,50,4
1,889,6.333,50,4
1,894,6.6660004,50,4
4,11549.0,11.65303,50,4
1,894,5.0,50,4
1,893,3.3330002,50,4
1,891,7.0,50,4
1,894,8.332001,50,4
1,891,6.0,50,4
1,894,1.6660004,50,4
1,892,0.0,50,4
1,893,6.0,50,4
1,894,35.0,50,4
1,891,4.0,50,4
1,893,9.0,50,4
2,2662.0,7.664009,50,4
1,892,3.6660004,50,4
1,894,0.0,50,4
1,894,11.666,50,4
1,891,8.332001,50,4
5,18611.0,30.65026,50,4
1,894,6.6660004,50,4
1,879,0.66400146,50,4
1,892,1.6660004,50,4
1,880,2.998001,50,4
1,894,37.666,50,4
3,6242.0,7.996025,50,4
1,894,8.0,50,4
2,2668.0,2.3310013,50,4
1,874,9.664001,50,4
1,888,7.6660004,50,4
1,894,0.0,50,4
1,894,5.0,50,4
1,891,4.9990005,50,4
1,885,2.9990005,50,4
1,893,4.3320007,50,4
1,892,2.0,50,4
1,894,0.0,50,4
1,894,1.6660004,50,4
1,892,3.3330002,50,4
1,894,0.0,50,4
1,891,1.9990002,50,4
1,894,5.0,50,4
1,882,1.6659927,50,4
2,2651.0,10.332001,50,4
1,894,1.6660004,50,4
1,893,6.6660004,50,4
1,894,5.0,50,4
1,893,17.666,50,4
1,892,6.6660004,50,4
1,894,0.0,50,4
1,893,5.0,50,4
1,894,0.0,50,4
1,894,9.999001,50,4
1,892,9.999001,50,4
1,891,0.33300018,50,4
1,891,0.33300018,50,4
1,894,3.333,50,4
8,63781.0,9.539925,50,4
1,893,1.6660004,50,4
1,894,1.6660004,50,4
5,18650.0,3.6501236,50,4
3,6195.0,6.3260345,50,4
1,894,9.999001,50,4
1,894,6.6660004,50,4
1,894,23.666,50,4
1,892,0.66600037,50,4
1,892,1.6660004,50,4
1,892,186.332,50,4
1,894,0.0,50,4
1,894,5.0,50,4
1,893,3.3320007,50,4
1,894,7.6660004,50,4
1,894,0.0,50,4
1,894,1.666,50,4
1,893,6.6660004,50,4
1,893,2.3320007,50,4
1,894,8.0,50,4
1,894,6.6660004,50,4
3,6239.0,6.3299866,50,4
2,2647.0,4.996002,50,4
1,894,5.0,50,4
1,893,0.0,50,4
1,892,5.9990005,50,4
1,893,3.3330002,50,4
1,893,35.0,50,4
1,893,2.3330002,50,4
1,884,4.9990005,50,4
1,893,9.666,50,4
1,894,1.666,50,4
1,888,38.333,50,4
1,892,2.0,50,4
1,892,0.66600037,50,4
1,894,0.0,50,4
2,2653.0,7.9970245,50,4
1,894,5.0,50,4
1,894,0.0,50,4
1,894,0.0,50,4
1,888,3.3329992,50,4
1,894,6.6660004,50,4
1,894,23.333,50,4
2,2664.0,9.330994,50,4
1,894,0.0,50,4
1,894,0.0,50,4
1,894,3.3330002,50,4
1,893,7.6660004,50,4
1,894,20.0,50,4
1,891,6.9990005,50,4
1,894,1.6660004,50,4
1,893,35.0,50,4
1,890,1.6660004,50,4
1,894,0.0,50,4
1,894,10.0,50,4
1,890,4.9990005,50,4
1,890,8.0,50,4
6,29141.0,9.624695,50,4
3,6249.0,86.995964,50,4
1,894,0.0,50,4
1,894,0.0,50,4
1,887,26.332,50,4
1,891,3.3330002,50,4
1,894,4.0,50,4
1,894,3.333,50,4
2,2657.0,45.998993,50,4
1,880,4.9970016,50,4
1,891,6.6660004,50,4
1,894,8.332001,50,4
6,28905.0,4.263649,50,4
1,894,9.999001,50,4
1,889,1.666,50,4
1,894,0.0,50,4
1,894,1.6660004,50,4
1,894,9.0,50,4
1,894,8.332001,50,4
1,894,21.665,50,4
10,191294.0,9983.408,40,3
1,894,3.3330002,50,4
3,6204.0,1.324028,50,4
1,894,0.0,50,4
1,894,0.0,50,4
1,892,6.6660004,50,4
1,885,8.331001,50,4
1,894,15.333,50,4
1,894,0.0,50,4
1,888,0.99900055,50,4
1,893,1.3330002,50,4
1,894,6.6660004,50,4
1,890,8.332001,50,4
1,894,3.3330002,50,4
2,2694.0,986.333,50,4
1,893,2.0,50,4
1,894,1.6660004,50,4
1,888,4.9980006,50,4
1,894,0.0,50,4
1,891,4.6660004,50,4
1,873,9.998001,50,4
1,893,4.0,50,4
1,894,11.666,50,4
1,894,6.666,50,4
1,893,8.332001,50,4
1,894,6.666,50,4
1,894,9.0,50,4
1,894,9.998001,50,4
1,894,0.0,50,4
1,892,6.6660004,50,4
1,890,5.9990005,50,4
1,888,7.6660004,50,4
1,894,0.0,50,4
1,894,0.0,50,4
2,2669.0,7.330002,50,4
1,894,9.666,50,4
4,11582.0,8.326027,50,4
1,892,9.999001,50,4
1,894,0.0,50,4
1,894,1.6660004,50,4
1,894,13.333,50,4
1,893,2.6660004,50,4
1,894,83.0,50,4
1,892,6.0,50,4
1,892,0.0,50,4
1,894,3.333,50,4
5,18648.0,7.642975,50,4
1,894,0.0,50,4
1,894,8.333,50,4
1,893,4.9990005,50,4
1,894,8.0,50,4
1,891,9.0,50,4
3,6221.0,3.9949646,50,4
1,894,0.0,50,4
1,893,2.3320003,50,4
1,894,0.0,50,4
1,894,1.6660004,50,4
1,893,4.0,50,4
2,2658.0,4.3299866,50,4
1,893,6.6660004,50,4
1,893,5.0,50,4
1,894,6.6660004,50,4
1,892,0.0,50,4
1,894,5.0,50,4
1,882,4.3320007,50,4
1,894,0.0,50,4
1,892,9.333,50,4
1,892,9.333,50,4
1,894,14.0,50,4
1,892,139.665,50,4
1,893,3.3330002,50,4
1,893,0.0,50,4
1,894,5.0,50,4
1,892,8.332001,50,4
7,43158.0,0.5962906,50,4
1,894,0.0,50,4
1,894,2.0,50,4
1,894,8.333,50,4
1,881,8.332001,50,4
1,893,6.666,50,4
1,894,0.0,50,4
1,893,4.999,50,4
1,894,4.9990005,50,4
2,2648.0,2.3289948,50,4
1,891,3.0,50,4
1,890,1.6650009,50,4
1,890,1.3330002,50,4
1,889,3.6660004,50,4
1,894,0.0,50,4
1,894,6.666,50,4
1,892,9.999001,50,4
1,894,19.333,50,4
1,894,9.0,50,4
5,18647.0,1.9872437,50,4
1,877,7.3320007,50,4
1,893,8.666,50,4
2,2648.0,7.6630173,50,4
1,893,14.999001,50,4
1,892,1.0,50,4
1,893,9.0,50,4
2,2666.0,2.6640015,50,4
1,893,6.0,50,4
1,888,2.0,50,4
1,894,1.6660004,50,4
1,891,8.666,50,4
1,894,0.0,50,4
1,894,3.3330002,50,4
1,893,2.0,50,4
1,891,0.0,50,4
1,891,15.999001,50,4
1,893,17.666,50,4
1,891,0.0,50,4
1,894,1.666,50,4
1,893,19.666,50,4
1,870,3.3310013,50,4
1,885,40.333,50,4
1,884,1.666,50,4
1,892,1.0,50,4
9,105633.0,3.7784424,50,4
1,886,5.3320007,50,4
1,894,6.6660004,50,4
1,893,7.6660004,50,4
5,18482.0,8.637482,50,4
1,887,74.665,50,4
1,893,2.0,50,4
1,886,6.0,50,4
1,886,4.998001,50,4
1,893,6.9990005,50,4
1,887,1.6660004,50,4
1,894,0.0,50,4
1,893,0.0,50,4
5,18423.0,4.9701004,50,4
1,894,0.0,50,4
1,892,4.333,50,4
1,894,0.0,50,4
1,882,8.332001,50,4
1,894,11.666,50,4
1,891,9.0,50,4
1,894,5.0,50,4
1,888,1.6659985,50,4
1,892,2.0,50,4
1,894,0.0,50,4
1,894,9.0,50,4
1,894,11.666,50,4
1,891,38.666,50,4
1,886,3.3320007,50,4
1,894,1.6660004,50,4
1,892,18.333,50,4
1,891,5.0,50,4
5,18509.0,8.638565,50,4
1,889,80.998,50,4
1,888,3.3320007,50,4
1,885,0.33300018,50,4
1,894,3.3330002,50,4
1,894,0.0,50,4
1,894,6.0,50,4
1,894,0.0,50,4
1,894,9.0,50,4
1,893,4.0,50,4
1,887,7.6660004,50,4
1,891,5.6650004,50,4
1,893,29.998001,50,4
1,891,1.0,50,4
1,894,6.0,50,4
1,894,2.0,50,4
1,894,0.0,50,4
1,888,9.665001,50,4
1,894,0.0,50,4
1,894,3.3330002,50,4
1,893,1.6660004,50,4
2,2649.0,23.329002,50,4
1,892,7.6660004,50,4
1,894,0.0,50,4
1,880,12.666,50,4
3,6206.0,8.326973,50,4
1,894,9.0,50,4
1,894,9.333,50,4
1,885,4.6660004,50,4
1,894,1.666,50,4
1,887,9.999001,50,4
1,894,1.6660004,50,4
1,892,3.3330002,50,4
1,891,4.0,50,4
1,894,0.0,50,4
1,879,21.666,50,4
1,894,15.666,50,4
1,894,0.0,50,4
1,893,0.0,50,4
1,894,13.333,50,4
1,894,241.33301,50,4
1,894,0.0,50,4
1,885,4.6660004,50,4
1,893,8.332001,50,4
1,894,1.666,50,4
1,892,18.0,50,4
4,11593.0,0.3240509,50,4
1,889,0.0,50,4
1,893,1.0,50,4
1,894,0.0,50,4
1,893,1.3329992,50,4
5,18684.0,5.982048,50,4
1,894,0.0,50,4
1,894,20.0,50,4
2,2662.0,6.6629944,50,4
1,894,9.999001,50,4
1,894,0.0,50,4
1,894,6.6660004,50,4
1,894,5.0,50,4
1,883,9.998001,50,4
1,884,0.99900055,50,4
1,894,0.0,50,4
1,887,8.664001,50,4
1,893,1.0,50,4
1,888,1.9990005,50,4
1,891,4.0,50,4
1,889,9.998001,50,4
3,6223.0,6.9920044,50,4
1,894,1.666,50,4
1,886,6.998001,50,4
1,885,2.3330002,50,4
1,894,0.0,50,4
1,894,6.6660004,50,4
1,894,4.9990005,50,4
1,894,4.999,50,4
1,894,1.6660004,50,4
7,42906.0,9.920769,50,4
1,894,16.666,50,4
1,872,3.6640015,50,4
1,894,19.999,50,4
1,893,27.332,50,4
2,2653.0,8.662003,50,4
1,893,1.0,50,4
1,892,34.333,50,4
1,891,12.0,50,4
1,884,11.666,50,4
1,894,2.0,50,4
1,884,16.332,50,4
1,894,31.666,50,4
1,892,4.3320007,50,4
1,894,0.0,50,4
1,892,3.0,50,4
1,892,9.0,50,4
1,894,0.0,50,4
1,894,0.0,50,4
1,894,8.333,50,4
1,886,7.6660004,50,4
1,891,9.332001,50,4
3,6205.0,2.3239822,50,4
3,6227.0,28.328033,50,4
1,893,0.0,50,4
1,872,1.9980011,50,4
1,890,5.0,50,4
1,894,11.666,50,4
1,894,3.3330002,50,4
1,873,9.665001,50,4
1,894,9.999001,50,4
1,893,1.666,50,4
1,894,16.666,50,4
2,2656.0,15.997017,50,4
1,894,5.0,50,4
1,893,1.6660004,50,4
1,886,6.9990005,50,4
5,18601.0,9.311295,50,4
1,890,2.999,50,4
1,894,11.666,50,4
1,894,0.0,50,4
1,894,0.0,50,4
1,894,18.666,50,4
1,889,1.0,50,4
1,887,7.333,50,4
1,894,0.0,50,4
1,893,9.0,50,4
1,894,81.0,50,4
1,890,6.6650004,50,4
3,6201.0,8.9950485,50,4
1,891,5.0,50,4
1,893,1.6660004,50,4
1,887,3.666,50,4
1,878,7.3320007,50,4
1,894,4.0,50,4
1,894,9.0,50,4
1,894,6.6660004,50,4
1,894,1.6660004,50,4
1,893,2.0,50,4
1,894,16.666,50,4
1,887,9.999001,50,4
1,886,3.0,50,4
1,887,7.665001,50,4
1,894,9.333,50,4
1,894,36.666,50,4
1,885,2.9990005,50,4
4,11576.0,18.991997,50,4
1,894,6.666,50,4
1,894,0.0,50,4
1,894,0.0,50,4
1,894,1.666,50,4
3,6241.0,3.6630096,50,4
2,2667.0,8.664009,50,4
2,2693.0,502.0,50,4
3,6224.0,9.661995,50,4
1,894,0.0,50,4
1,891,2.0,50,4
1,894,7.3320007,50,4
1,894,1.666,50,4
1,894,0.0,50,4
1,892,6.0,50,4
1,894,0.0,50,4
1,893,4.333,50,4
1,893,14.666,50,4
1,890,5.0,50,4
1,894,27.332,50,4
1,893,106.0,50,4
1,892,0.0,50,4
1,888,1.6650009,50,4
1,892,4.333,50,4
1,894,0.0,50,4
1,885,9.999001,50,4
1,893,7.6660004,50,4
1,893,6.9990005,50,4
1,894,1.666,50,4
1,886,9.665001,50,4
6,29002.0,5.621834,50,4
1,884,4.665001,50,4
1,888,3.0,50,4
1,890,3.0,50,4
1,893,24.999,50,4
1,894,6.6660004,50,4
1,870,2.3299866,50,4
1,894,6.6660004,50,4
1,894,9.333,50,4
1,894,7.0,50,4
1,893,3.9990005,50,4
1,885,67.333,50,4
2,2666.0,13.329987,50,4
1,893,8.999001,50,4
1,893,18.999,50,4
1,894,0.0,50,4
1,893,1.0,50,4
1,894,6.666,50,4
1,894,0.0,50,4
1,891,6.6660004,50,4
1,894,0.0,50,4
1,888,9.666,50,4
1,885,0.33200073,50,4
1,893,6.6660004,50,4
1,894,122.999,50,4
1,891,16.333,50,4
1,893,0.0,50,4
1,894,75.666,50,4
1,892,0.0,50,4
1,894,59.666,50,4
1,894,40.0,50,4
1,893,11.331999,50,4
2,2694.0,263.333,50,4
1,894,0.0,50,4
1,894,6.6660004,50,4
5,18617.0,7.6550674,50,4
1,891,36.666,50,4
1,893,6.6660004,50,4
1,894,0.0,50,4
1,894,11.666,50,4
1,890,0.66600037,50,4
1,884,14.998001,50,4
7,43089.0,6.5973587,50,4
1,891,7.333,50,4
1,892,25.999,50,4
1,892,6.6660004,50,4
1,885,6.3320007,50,4
3,6239.0,20.997986,50,4
1,894,0.0,50,4
1,889,5.6660004,50,4
1,894,0.0,50,4
1,891,7.6660004,50,4
1,894,3.3330002,50,4
1,894,9.0,50,4
1,894,13.333,50,4
1,894,9.999001,50,4
1,892,6.6660004,50,4
1,882,13.999001,50,4
1,892,10.998999,50,4
1,894,6.665001,50,4
1,894,10.0,50,4
1,891,7.6660004,50,4
2,2678.0,131.99799,50,4
1,894,13.333,50,4
1,894,3.3330002,50,4
1,891,28.666,50,4
1,892,1.6660004,50,4
1,894,8.332001,50,4
2,2665.0,7.663002,50,4
1,893,6.0,50,4
1,894,0.0,50,4
1,894,3.333,50,4
1,892,4.998001,50,4
1,894,8.332001,50,4
1,886,9.666,50,4
1,891,0.66600037,50,4
1,892,2.0,50,4
1,894,8.332001,50,4
1,894,0.0,50,4
1,888,6.6660004,50,4
1,891,1.6660004,50,4
1,891,6.666,50,4
1,894,3.3330002,50,4
1,892,3.333,50,4
1,887,0.66600037,50,4
1,894,0.0,50,4
1,890,0.0,50,4
1,893,7.0,50,4
1,890,3.3330002,50,4
1,892,2.666,50,4
1,891,128.332,50,4
1,894,0.0,50,4
1,893,5.0,50,4
2,2651.0,0.9960251,50,4
1,894,0.0,50,4
1,885,2.0,50,4
1,892,4.9990005,50,4
1,892,8.666,50,4
1,894,0.0,50,4
1,893,22.666,50,4
3,6208.0,8.993004,50,4
1,894,0.0,50,4
1,873,3.3310013,50,4
1,894,3.3330002,50,4
1,893,2.6660004,50,4
1,894,8.333,50,4
4,11568.0,9.991043,50,4
1,879,9.999001,50,4
1,894,16.666,50,4
1,889,6.3320003,50,4
1,894,7.0,50,4
1,894,3.3330002,50,4
1,888,10.666,50,4
1,880,6.999,50,4
1,894,0.0,50,4
1,894,13.999001,50,4
9,104206.0,9.029076,50,4
1,894,8.333,50,4
1,894,6.6660004,50,4
1,894,51.0,50,4
1,883,3.9990003,50,4
1,892,9.999001,50,4
1,887,7.9990005,50,4
1,893,18.333,50,4
1,894,8.666,50,4
2,2690.0,303.66602,50,4
1,890,4.999,50,4
5,18525.0,13.308281,50,4
1,894,0.0,50,4
1,894,8.332001,50,4
1,894,30.0,50,4
5,18656.0,5.979019,50,4
2,2666.0,0.99799347,50,4
1,892,9.333,50,4
1,890,7.3320007,50,4
1,894,0.0,50,4
1,888,8.332001,50,4
1,884,5.9980006,50,4
1,894,15.666,50,4
1,882,6.998001,50,4
1,890,16.333,50,4
1,894,8.0,50,4
1,894,5.0,50,4
1,894,5.0,50,4
1,894,8.333,50,4
1,893,1.6660004,50,4
1,894,3.3330002,50,4
1,894,0.0,50,4
1,894,0.0,50,4
1,893,10.999001,50,4
1,891,1.9990005,50,4
1,893,8.0,50,4
1,894,6.6660004,50,4
1,893,3.3330002,50,4
1,894,39.333,50,4
1,894,0.0,50,4
1,893,4.0,50,4
1,892,8.666,50,4
5,18685.0,8.32399,50,4
1,891,95.666,50,4
2,2693.0,481.33197,50,4
1,894,0.0,50,4
1,894,9.999001,50,4
1,884,9.332001,50,4
1,889,4.9990005,50,4
1,894,0.0,50,4
1,888,8.333,50,4
1,888,5.6660004,50,4
1,877,8.0,50,4
1,894,5.0,50,4
1,894,6.666,50,4
2,2648.0,9.996994,50,4
1,893,5.333,50,4
1,890,2.6660004,50,4
1,894,5.0,50,4
1,894,6.6660004,50,4
1,880,1.9980011,50,4
1,892,4.333,50,4
2,2661.0,25.331009,50,4
1,880,9.998993,50,4
1,894,16.0,50,4
1,894,0.0,50,4
1,893,4.9990005,50,4
1,887,21.331001,50,4
1,888,8.999001,50,4
1,894,0.0,50,4
1,894,6.6660004,50,4
2,2693.0,293.66602,50,4
2,2651.0,7.997986,50,4
1,893,0.0,50,4
1,894,0.0,50,4
1,894,17.999,50,4
1,894,222.33202,50,4
1,890,4.6660004,50,4
1,894,18.0,50,4
1,894,1.666,50,4
1,891,7.331001,50,4
3,6239.0,4.659981,50,4
1,894,4.9990005,50,4
1,894,10.0,50,4
1,894,0.0,50,4
3,6227.0,3.3279953,50,4
1,894,3.333,50,4
1,894,3.333,50,4
1,892,3.333,50,4
1,894,9.999001,50,4
1,893,6.6660004,50,4
7,42659.0,8.56218,50,4
1,894,18.333,50,4
1,892,4.3320007,50,4
1,894,8.332001,50,4
1,893,4.0,50,4
1,893,15.999001,50,4
1,893,9.665001,50,4
1,894,6.6660004,50,4
1,894,3.333,50,4
1,877,12.332008,50,4
1,892,3.9990005,50,4
1,894,0.0,50,4
1,892,13.666,50,4
1,894,2.0,50,4
4,11581.0,5.660019,50,4
1,893,5.333,50,4
1,884,1.6660004,50,4
1,894,0.0,50,4
1,879,4.9970016,50,4
1,894,0.0,50,4
1,893,0.0,50,4
1,894,9.999001,50,4
2,2681.0,358.99896,50,4
1,891,1.6660004,50,4
1,893,0.0,50,4
1,893,4.9990005,50,4
1,892,128.0,50,4
1,894,3.333,50,4
1,894,0.0,50,4
1,886,1.3310013,50,4
1,894,3.3330002,50,4
1,894,0.0,50,4
1,893,3.3330002,50,4
4,11585.0,7.9890594,50,4
1,894,3.333,50,4
1,894,7.0,50,4
1,892,1.666,50,4
3,6234.0,6.6640015,50,4
5,18579.0,17.646278,50,4
1,886,6.6650004,50,4
1,893,9.0,50,4
1,894,0.0,50,4
1,894,5.0,50,4
1,894,0.0,50,4
1,894,6.0,50,4
1,893,4.0,50,4
8,64027.0,5.8861465,50,4
1,893,5.6660004,50,4
1,894,10.0,50,4
1,894,1.6660004,50,4
1,894,8.332001,50,4
1,890,9.999001,50,4
1,887,30.998001,50,4
1,880,8.999001,50,4
1,891,1.6660004,50,4
1,888,12.332001,50,4
1,892,16.332,50,4
1,893,68.0,50,4
2,2646.0,1.9960175,50,4
1,890,7.6660004,50,4
1,892,19.0,50,4
1,894,17.666,50,4
1,894,11.666,50,4
1,894,8.0,50,4
1,894,0.0,50,4
1,893,0.0,50,4
1,871,2.6649933,50,4
5,18445.0,9.636223,50,4
1,893,4.9990005,50,4
1,894,3.3330002,50,4
1,894,0.0,50,4
1,894,0.0,50,4
1,892,3.3330002,50,4
1,883,8.998001,50,4
1,894,1.6660004,50,4
1,894,8.333,50,4
1,894,1.666,50,4
1,870,3.3310013,50,4
1,892,7.666,50,4
1,892,8.333,50,4
1,894,10.0,50,4
1,892,0.0,50,4
1,873,0.33100128,50,4
1,894,29.0,50,4
1,894,19.0,50,4
1,894,1.666,50,4
1,889,2.3330002,50,4
1,894,0.0,50,4
1,894,0.0,50,4
1,892,0.0,50,4
1,894,0.0,50,4
1,894,14.0,50,4
1,894,10.666,50,4
1,894,1.6660004,50,4
1,894,0.0,50,4
1,894,3.3330002,50,4
1,894,9.998001,50,4
1,891,8.332001,50,4
1,894,3.3330002,50,4
1,892,4.0,50,4
1,894,3.3330002,50,4
1,894,3.3330002,50,4
1,894,0.0,50,4
1,893,6.6660004,50,4
1,891,6.666,50,4
1,892,137.0,50,4
1,894,0.0,50,4
1,894,0.0,50,4
1,879,9.331985,50,4
1,894,0.0,50,4
1,893,12.333,50,4
1,891,5.0,50,4
1,893,5.0,50,4
1,894,0.0,50,4
1,894,0.0,50,4
1,885,9.998001,50,4
1,893,1.666,50,4
1,894,5.0,50,4
1,894,9.999001,50,4
1,893,8.333,50,4
1,890,4.0,50,4
1,894,8.332001,50,4
1,892,3.3320003,50,4
7,42833.0,8.912048,50,4
1,894,21.666,50,4
1,891,23.666,50,4
1,894,0.0,50,4
1,888,11.331001,50,4
1,894,0.0,50,4
1,893,0.0,50,4
1,894,6.6660004,50,4
1,888,16.0,50,4
1,894,11.666,50,4
1,893,1.6660004,50,4
1,881,8.331001,50,4
1,894,6.6660004,50,4
1,894,0.0,50,4
1,890,5.0,50,4
1,894,6.6660004,50,4
1,892,29.333,50,4
1,890,4.9990005,50,4
1,894,0.0,50,4
1,894,6.6660004,50,4
1,894,0.0,50,4
2,2645.0,5.661972,50,4
5,18632.0,19.646011,50,4
1,893,3.3330002,50,4
1,893,0.0,50,4
1,893,32.0,50,4
1,892,2.3330002,50,4
1,893,39.666,50,4
2,2651.0,9.996979,50,4
1,894,6.6660004,50,4
1,890,5.9990005,50,4
1,892,0.33300018,50,4
1,884,2.3330002,50,4
1,891,27.666,50,4
2,2650.0,1.9970093,50,4
1,893,113.0,50,4
1,894,3.333,50,4
1,894,1.6660004,50,4
1,894,0.0,50,4
1,894,1.6660004,50,4
1,890,8.333,50,4
1,892,6.6660004,50,4
1,893,6.6650004,50,4
1,892,8.332001,50,4
1,892,3.6650007,50,4
1,894,0.0,50,4
1,893,2.0,50,4
1,894,3.3330002,50,4
1,894,40.0,50,4
4,11543.0,7.323044,50,4
1,893,5.0,50,4
1,894,9.999001,50,4
1,894,0.0,50,4
1,888,4.998001,50,4
1,893,8.333,50,4
1,894,0.0,50,4
1,894,7.6660004,50,4
1,893,8.332001,50,4
1,894,12.0,50,4
1,894,9.998001,50,4
1,892,0.66600037,50,4
1,894,13.333,50,4
1,894,8.333,50,4
3,6216.0,10.994003,50,4
1,894,13.333,50,4
1,889,9.666,50,4
1,894,5.0,50,4
1,890,22.998001,50,4
1,888,1.9980011,50,4
1,894,3.3330002,50,4
1,892,0.0,50,4
1,894,0.0,50,4
1,878,6.998001,50,4
1,894,0.0,50,4
1,891,4.6660004,50,4
1,891,1.0,50,4
1,893,6.666,50,4
1,894,1.6660004,50,4
1,894,5.0,50,4
2,2669.0,11.665001,50,4
1,894,0.0,50,4
1,892,16.999,50,4
1,894,0.0,50,4
2,2652.0,3.331009,50,4
1,894,0.0,50,4
1,893,0.0,50,4
1,892,1.6660004,50,4
1,894,3.333,50,4
1,894,9.0,50,4
1,891,9.999001,50,4
1,893,2.6660004,50,4
2,2645.0,1.659996,50,4
1,893,6.6640015,50,4
1,877,8.666,50,4
5,18627.0,9.321129,50,4
1,889,5.9990005,50,4
9,105794.0,5.787918,50,4
1,894,9.0,50,4
1,893,3.3310013,50,4
1,894,133.333,50,4
1,894,0.0,50,4
1,878,8.0,50,4
3,6208.0,2.9930115,50,4
2,2653.0,5.6649933,50,4
1,890,6.3320007,50,4
1,893,9.0,50,4
1,894,0.0,50,4
1,893,13.0,50,4
1,894,5.0,50,4
1,894,3.3330002,50,4
1,876,9.997993,50,4
1,891,3.3330002,50,4
1,892,97.33299,50,4
1,894,8.333,50,4
1,894,18.333,50,4
5,18539.0,8.306412,50,4
1,894,4.9990005,50,4
1,886,1.6660004,50,4
1,892,0.99900055,50,4
1,886,0.66600037,50,4
1,892,3.3330002,50,4
1,894,3.3330002,50,4
1,894,9.999001,50,4
1,889,1.6660004,50,4
9,104533.0,3.3725586,50,4
1,894,11.0,50,4
1,893,2.3330002,50,4
1,892,1.6660004,50,4
4,11558.0,6.656997,50,4
1,889,10.333,50,4
1,894,7.0,50,4
1,894,1.6660004,50,4
1,893,1.6650009,50,4
1,891,52.999,50,4
1,894,0.0,50,4
1,883,7.3320007,50,4
1,894,0.0,50,4
1,892,0.0,50,4
1,891,20.333,50,4
1,894,0.0,50,4
1,886,9.999001,50,4
1,894,6.6660004,50,4
1,889,17.999,50,4
1,894,3.3330002,50,4
1,889,0.33200073,50,4
1,894,5.0,50,4
1,894,0.0,50,4
4,11564.0,7.6560364,50,4
1,892,4.9980006,50,4
1,894,3.3330002,50,4
4,11554.0,5.6519165,50,4
1,894,11.666,50,4
1,894,1.6660004,50,4
1,889,0.0,50,4
1,894,6.6660004,50,4
1,894,0.0,50,4
5,18658.0,3.9852142,50,4
1,893,3.3330002,50,4
1,879,4.998001,50,4
1,892,2.3320003,50,4
1,894,28.0,50,4
1,891,0.0,50,4
2,2645.0,7.663986,50,4
1,894,0.0,50,4
1,885,6.3320007,50,4
1,894,1.666,50,4
1,878,4.9990005,50,4
1,893,0.66600037,50,4
1,894,0.0,50,4
2,2664.0,2.3310008,50,4
1,894,1.6660004,50,4
1,894,1.6660004,50,4
1,893,5.333,50,4
1,892,2.3330002,50,4
1,892,4.9990005,50,4
1,893,6.666,50,4
1,891,7.9990005,50,4
1,894,0.0,50,4
1,894,0.0,50,4
1,887,4.9990005,50,4
1,892,6.6660004,50,4
1,888,6.9990005,50,4
3,6199.0,28.660995,50,4
1,894,3.3330002,50,4
3,6235.0,9.660988,50,4
1,894,0.0,50,4
1,894,1.666,50,4
1,894,5.0,50,4
1,888,6.0,50,4
1,893,12.666,50,4
1,894,0.0,50,4
2,2658.0,4.9979935,50,4
5,18473.0,8.644508,50,4
1,894,0.0,50,4
1,894,21.0,50,4
1,894,4.0,50,4
1,894,6.0,50,4
1,893,8.0,50,4
1,894,30.0,50,4
4,11573.0,22.992958,50,4
1,894,0.0,50,4
1,891,8.666,50,4
5,18604.0,8.310204,50,4
1,894,8.332001,50,4
6,29003.0,110.2855,50,4
1,894,49.666,50,4
1,892,7.333,50,4
1,894,46.666,50,4
1,894,0.0,50,4
1,894,1.666,50,4
1,894,0.0,50,4
1,894,0.0,50,4
1,879,12.999001,50,4
1,894,0.0,50,4
1,894,52.333,50,4
1,890,8.666,50,4
1,887,35.666,50,4
1,894,0.0,50,4
1,892,1.6660004,50,4
1,894,0.0,50,4
1,892,7.0,50,4
2,2693.0,772.999,50,4
1,893,8.333,50,4
1,892,38.0,50,4
1,875,8.665985,50,4
1,894,0.0,50,4
1,888,1.6650009,50,4
1,894,1.6660004,50,4
1,893,3.3330002,50,4
3,6235.0,4.9960327,50,4
1,890,5.6660004,50,4
1,894,30.0,50,4
1,893,4.9990005,50,4
1,894,11.666,50,4
1,892,4.999,50,4
1,893,4.9990005,50,4
1,894,0.0,50,4
3,6235.0,6.3279953,50,4
1,892,3.3320007,50,4
1,894,138.33301,50,4
1,894,0.0,50,4
1,894,5.333,50,4
1,875,1.0,50,4
1,893,5.0,50,4
1,894,1.6660004,50,4
1,884,1.6660004,50,4
1,885,9.666,50,4
1,882,1.6660004,50,4
1,894,4.0,50,4
1,894,6.0,50,4
1,892,6.0,50,4
4,11603.0,216.32706,50,4
1,894,3.3330002,50,4
1,886,1.9990005,50,4
1,894,6.6660004,50,4
1,885,6.333,50,4
1,891,0.0,50,4
3,6242.0,3.9960327,50,4
1,894,1.6660004,50,4
4,11588.0,4.325966,50,4
1,892,6.6660004,50,4
1,892,6.0,50,4
1,892,0.0,50,4
3,6236.0,1.9980164,50,4
1,894,0.0,50,4
1,894,3.3320003,50,4
2,2661.0,4.9979706,50,4
1,894,11.0,50,4
1,894,0.0,50,4
1,893,3.333,50,4
1,894,6.666,50,4
1,892,8.332001,50,4
1,893,9.0,50,4
1,894,6.0,50,4
1,892,5.0,50,4
1,894,6.6660004,50,4
1,893,3.3330002,50,4
1,894,0.0,50,4
1,894,0.0,50,4
1,890,5.0,50,4
1,893,0.0,50,4
1,892,2.6660004,50,4
1,894,5.0,50,4
1,894,0.0,50,4
1,893,5.6660004,50,4
1,894,9.0,50,4
1,892,9.999001,50,4
1,891,0.0,50,4
1,893,110.33301,50,4
1,871,9.665016,50,4
1,894,1.666,50,4
1,875,38.332993,50,4
1,894,9.0,50,4
4,11558.0,5.6540604,50,4
1,892,2.3330002,50,4
1,894,0.0,50,4
1,892,3.333,50,4
2,2650.0,8.662979,50,4
1,884,9.666,50,4
3,6215.0,8.994003,50,4
1,888,0.0,50,4
1,887,1.9990005,50,4
1,892,13.332001,50,4
1,894,8.333,50,4
1,886,2.3320007,50,4
1,888,29.333,50,4
1,894,0.0,50,4
1,894,14.333,50,4
1,894,26.0,50,4
1,894,19.0,50,4
1,884,8.332001,50,4
1,893,3.3330002,50,4
1,893,8.999001,50,4
2,2655.0,5.3310013,50,4
1,893,0.0,50,4
1,894,0.0,50,4
1,893,8.666,50,4
1,892,0.0,50,4
1,894,1.6660004,50,4
1,894,5.0,50,4
1,894,28.333,50,4
1,894,0.0,50,4
2,2668.0,12.332001,50,4
1,894,7.6660004,50,4
1,887,7.9990005,50,4
1,889,1.3320007,50,4
4,11584.0,5.656952,50,4
2,2648.0,5.6640015,50,4
1,893,4.333,50,4
1,894,0.0,50,4
1,894,6.6660004,50,4
1,894,3.3330002,50,4
1,893,5.0,50,4
1,894,0.0,50,4
1,873,1.6639938,50,4
1,892,14.333,50,4
1,893,23.0,50,4
1,890,0.0,50,4
1,894,5.0,50,4
1,893,6.0,50,4
1,891,3.3330002,50,4
1,894,8.666,50,4
1,894,1.666,50,4
2,2661.0,3.9959943,50,4
1,894,6.666,50,4
1,894,5.333,50,4
1,893,23.333,50,4
2,2667.0,11.664009,50,4
2,2659.0,6.3309937,50,4
1,894,6.666,50,4
1,894,8.333,50,4
1,894,6.6660004,50,4
1,893,6.6660004,50,4
1,894,0.0,50,4
1,894,9.999001,50,4
2,2693.0,589.666,50,4
1,893,9.333,50,4
6,29105.0,9.62558,50,4
3,6239.0,0.3270111,50,4
3,6218.0,9.66098,50,4
1,893,0.0,50,4
1,893,6.333,50,4
1,894,6.666,50,4
2,2664.0,7.330002,50,4
1,893,8.333,50,4
1,893,16.999,50,4
1,894,15.333,50,4
1,894,1.666,50,4
1,894,3.3330002,50,4
1,893,6.666,50,4
1,894,0.0,50,4
1,892,6.6660004,50,4
1,891,8.333,50,4
1,894,26.666,50,4
1,887,3.3330002,50,4
1,877,3.0,50,4
1,894,9.333,50,4
1,894,0.0,50,4
1,894,0.0,50,4
1,892,8.0,50,4
1,894,3.333,50,4
1,894,0.0,50,4
10,190603.0,3075.0137,20,1
1,891,7.6660004,50,4
1,888,1.9990005,50,4
1,873,6.6660004,50,4
1,892,4.333,50,4
1,894,20.0,50,4
1,894,0.0,50,4
1,894,0.0,50,4
1,891,8.665001,50,4
2,2649.0,7.3309937,50,4
1,894,5.333,50,4
1,892,3.9980006,50,4
1,889,3.6660004,50,4
1,894,0.0,50,4
1,892,8.0,50,4
1,880,9.664001,50,4
1,887,2.0,50,4
1,894,0.0,50,4
1,889,12.666,50,4
1,878,9.331993,50,4
1,894,0.0,50,4
1,892,2.6659985,50,4
3,6196.0,3.3259277,50,4
1,894,9.0,50,4
1,894,1.6660004,50,4
1,894,4.0,50,4
3,6243.0,2.9949646,50,4
1,894,0.0,50,4
1,894,5.0,50,4
2,2669.0,4.330001,50,4
1,894,5.0,50,4
3,6244.0,2.3299942,50,4
1,891,8.332001,50,4
1,880,8.664001,50,4
2,2667.0,5.665001,50,4
5,18592.0,0.98121643,50,4
1,894,4.9990005,50,4
1,894,0.0,50,4
1,894,163.33301,50,4
1,884,8.332001,50,4
1,893,7.333,50,4
1,894,8.332001,50,4
1,889,5.6660004,50,4
1,894,60.0,50,4
1,878,6.998001,50,4
1,882,17.665993,50,4
2,2664.0,2.9990005,50,4
1,892,8.333,50,4
1,891,4.999,50,4
1,891,6.6660004,50,4
1,884,11.664001,50,4
1,893,5.333,50,4
1,885,7.0,50,4
1,883,0.0,50,4
1,894,0.0,50,4
1,891,8.333,50,4
1,894,13.332001,50,4
1,892,1.6660004,50,4
1,877,2.3310008,50,4
1,872,8.999001,50,4
1,894,21.0,50,4
1,890,5.9990005,50,4
1,875,2.9970016,50,4
1,894,0.0,50,4
1,894,24.333,50,4
1,888,1.3320007,50,4
2,2658.0,17.994987,50,4
1,886,1.3330002,50,4
1,892,13.332001,50,4
1,891,1.6660004,50,4
1,886,7.6660004,50,4
1,892,4.9990005,50,4
1,894,0.0,50,4
1,886,12.332001,50,4
1,894,1.6660004,50,4
1,894,30.333,50,4
5,18599.0,7.3113017,50,4
1,892,8.333,50,4
1,893,8.666,50,4
1,894,0.0,50,4
3,6215.0,1.3289871,50,4
1,894,4.9990005,50,4
1,893,6.6660004,50,4
1,894,6.0,50,4
1,894,18.333,50,4
1,871,13.664001,50,4
1,890,34.999,50,4
1,888,1.6660004,50,4
1,894,0.0,50,4
1,887,4.333,50,4
1,894,0.0,50,4
4,11584.0,7.9960175,50,4
1,888,0.9980011,50,4
1,886,2.0,50,4
1,894,0.0,50,4
4,11518.0,71.65291,50,4
1,889,13.0,50,4
1,887,6.6650004,50,4
1,894,2.0,50,4
1,878,1.6650009,50,4
1,882,8.333,50,4
1,891,3.3330002,50,4
1,893,5.0,50,4
1,894,6.6660004,50,4
3,6243.0,7.9970016,50,4
1,894,0.0,50,4
1,894,3.3330002,50,4
1,894,0.0,50,4
1,894,0.0,50,4
1,894,28.0,50,4
1,892,5.999,50,4
1,893,19.0,50,4
1,894,1.6660004,50,4
1,894,1.666,50,4
1,894,18.333,50,4
1,894,0.0,50,4
1,894,0.0,50,4
1,894,87.0,50,4
1,894,3.3330002,50,4
1,887,0.99900055,50,4
1,894,11.666,50,4
1,890,8.666,50,4
3,6238.0,3.3279877,50,4
1,894,1.6660004,50,4
1,894,8.333,50,4
1,894,1.6660004,50,4
1,894,8.332001,50,4
1,892,0.0,50,4
1,893,2.6660004,50,4
1,894,0.0,50,4
1,894,3.3330002,50,4
1,894,7.0,50,4
1,893,3.3330002,50,4
1,894,6.666,50,4
1,894,0.0,50,4
7,42739.0,9.241318,50,4
1,894,5.3320007,50,4
1,891,13.0,50,4
1,884,3.3320007,50,4
2,2656.0,6.329994,50,4
1,894,14.333,50,4
1,894,13.332001,50,4
1,893,5.333,50,4
1,893,6.6660004,50,4
1,894,11.999001,50,4
1,894,6.6660004,50,4
1,890,7.665001,50,4
1,893,4.999,50,4
1,891,26.333,50,4
1,891,2.6660004,50,4
1,893,30.998001,50,4
1,884,37.666,50,4
1,894,1.6660004,50,4
1,894,0.0,50,4
1,877,53.664,50,4
1,887,2.3330002,50,4
1,893,8.332001,50,4
1,894,0.0,50,4
1,893,0.0,50,4
1,881,3.6660001,50,4
1,892,4.6660004,50,4
1,894,6.6660004,50,4
1,894,6.666,50,4
1,894,0.0,50,4
1,894,3.3320007,50,4
1,894,10.0,50,4
1,894,4.999,50,4
10,191111.0,8587.041,50,4
1,894,12.333,50,4
1,894,0.0,50,4
1,894,1.6660004,50,4
1,894,0.0,50,4
1,894,0.0,50,4
1,894,6.6660004,50,4
1,892,3.3330002,50,4
1,894,3.333,50,4
1,894,9.0,50,4
1,894,0.0,50,4
1,894,0.0,50,4
1,891,8.332001,50,4
1,892,13.333,50,4
1,894,3.333,50,4
1,894,20.0,50,4
1,875,30.998001,50,4
1,889,1.6660004,50,4
2,2692.0,260.333,50,4
1,890,0.6650009,50,4
1,893,3.3330002,50,4
1,882,2.6660004,50,4
1,894,0.0,50,4
2,2649.0,16.66301,50,4
1,894,11.665001,50,4
1,892,1.9990005,50,4
1,894,9.999001,50,4
3,6202.0,11.326012,50,4
1,890,9.332001,50,4
1,888,9.666,50,4
1,894,0.0,50,4
1,882,21.331001,50,4
1,891,8.332001,50,4
1,894,0.0,50,4
1,894,24.0,50,4
1,893,8.333,50,4
1,893,6.6660004,50,4
1,886,0.99900055,50,4
1,892,0.66600037,50,4
1,891,4.333,50,4
1,889,11.666,50,4
1,891,1.6660004,50,4
1,894,0.0,50,4
1,893,0.0,50,4
1,892,37.333,50,4
1,894,13.333,50,4
1,894,3.3330002,50,4
1,894,8.333,50,4
1,892,0.0,50,4
5,18618.0,8.652275,50,4
1,892,7.6660004,50,4
1,893,0.0,50,4
1,894,9.0,50,4
2,2694.0,348.66602,50,4
1,894,4.9990005,50,4
1,893,8.0,50,4
7,43280.0,19.939949,50,4
1,892,0.0,50,4
1,892,3.333,50,4
1,893,11.666,50,4
5,18667.0,44.98619,50,4
1,894,0.0,50,4
1,894,10.0,50,4
1,894,3.3330002,50,4
1,894,6.666,50,4
1,894,30.0,50,4
1,894,6.6660004,50,4
1,894,3.333,50,4
1,892,1.6660004,50,4
1,894,3.3330002,50,4
1,894,0.0,50,4
5,18611.0,6.314125,50,4
1,894,0.0,50,4
1,892,6.0,50,4
1,894,2.0,50,4
1,894,19.999,50,4
1,874,7.997001,50,4
1,892,5.6660004,50,4
1,894,26.666,50,4
1,894,0.0,50,4
1,894,0.0,50,4
1,884,6.6660004,50,4
1,894,100.0,50,4
4,11643.0,594.996,50,4
1,894,9.999001,50,4
1,892,9.666,50,4
1,893,5.0,50,4
1,894,0.0,50,4
1,894,0.0,50,4
1,894,3.3330002,50,4
1,894,15.666,50,4
1,892,10.0,50,4
1,892,0.0,50,4
1,877,3.3310008,50,4
1,893,3.3320007,50,4
1,893,1.6660004,50,4
1,894,0.0,50,4
1,894,0.0,50,4
1,884,6.3320007,50,4
1,884,0.33300018,50,4
1,894,6.6660004,50,4
3,6216.0,2.6589813,50,4
3,6208.0,32.32405,50,4
1,894,5.0,50,4
1,894,8.332001,50,4
1,888,5.6660004,50,4
1,892,5.0,50,4
1,894,0.0,50,4
1,894,1.6660004,50,4
1,894,9.999001,50,4
1,894,8.0,50,4
1,878,9.664001,50,4
1,885,12.331001,50,4
1,894,0.0,50,4
1,894,6.6660004,50,4
1,876,9.664001,50,4
1,894,3.3330002,50,4
1,893,2.3330002,50,4
1,893,4.9990005,50,4
1,894,0.0,50,4
1,885,15.666,50,4
1,892,7.333,50,4
1,894,0.0,50,4
1,893,3.3330002,50,4
1,894,0.0,50,4
1,894,0.0,50,4
1,892,1.0,50,4
1,894,9.999001,50,4
1,891,3.3330002,50,4
1,893,0.0,50,4
1,894,25.0,50,4
1,893,8.333,50,4
1,894,5.0,50,4
1,883,9.665001,50,4
1,892,5.6660004,50,4
1,891,96.999,50,4
1,894,195.33301,50,4
1,889,4.333,50,4
1,893,7.6660004,50,4
1,894,1.6660004,50,4
3,6229.0,9.660004,50,4
1,892,1.6660004,50,4
1,894,18.332,50,4
4,11580.0,2.65802,50,4
1,894,1.6660004,50,4
1,894,4.999,50,4
1,894,3.3330002,50,4
1,893,24.333,50,4
1,894,0.0,50,4
1,892,1.0,50,4
1,893,0.0,50,4
1,883,3.3310013,50,4
1,892,1.0,50,4
1,889,7.9990005,50,4
1,893,8.666,50,4
1,893,0.0,50,4
1,894,6.6660004,50,4
1,893,4.9990005,50,4
1,878,14.664001,50,4
1,894,0.0,50,4
1,892,8.666,50,4
1,879,5.998001,50,4
1,892,9.0,50,4
8,63972.0,7.8874283,50,4
1,887,17.999,50,4
1,894,0.0,50,4
1,894,0.0,50,4
1,894,0.0,50,4
1,874,7.3310013,50,4
2,2649.0,9.663971,50,4
1,892,7.666,50,4
1,894,3.3330002,50,4
1,892,4.9990005,50,4
1,892,1.6660004,50,4
1,891,5.0,50,4
1,894,61.666,50,4
1,894,8.333,50,4
1,894,3.3330002,50,4
1,893,31.666,50,4
1,894,0.0,50,4
1,894,0.0,50,4
1,894,6.666,50,4
1,894,3.3330002,50,4
1,884,7.333,50,4
1,893,9.999001,50,4
1,894,4.9990005,50,4
1,894,6.6660004,50,4
1,892,3.3330002,50,4
1,894,0.0,50,4
1,894,0.0,50,4
1,894,6.6660004,50,4
1,894,0.0,50,4
1,884,3.6660004,50,4
1,894,0.0,50,4
4,11581.0,5.9940186,50,4
1,894,21.0,50,4
1,892,5.0,50,4
2,2669.0,8.332001,50,4
4,11497.0,26.320023,50,4
1,893,18.332,50,4
1,894,1.666,50,4
1,894,6.6660004,50,4
1,888,5.3320007,50,4
3,6219.0,3.994011,50,4
1,892,1.6660004,50,4
1,894,3.333,50,4
1,893,2.0,50,4
1,894,0.0,50,4
1,894,3.3330002,50,4
1,894,1.6660004,50,4
1,892,3.3320007,50,4
2,2659.0,7.9979935,50,4
2,2650.0,2.661003,50,4
1,894,6.0,50,4
1,894,4.9990005,50,4
1,894,5.0,50,4
1,878,9.666,50,4
1,894,3.333,50,4
1,894,0.0,50,4
1,894,0.0,50,4
1,894,0.0,50,4
2,2653.0,10.329994,50,4
5,18424.0,9.968315,50,4
1,894,0.0,50,4
1,894,3.333,50,4
1,893,8.666,50,4
1,894,0.0,50,4
1,883,6.0,50,4
1,892,0.0,50,4
1,891,124.332,50,4
1,892,4.6660004,50,4
1,893,4.0,50,4
1,894,28.665998,50,4
1,893,13.332001,50,4
1,892,9.999001,50,4
1,881,0.66400146,50,4
1,886,6.6660004,50,4
1,894,22.0,50,4
1,894,20.666,50,4
1,881,9.999001,50,4
4,11498.0,4.3201904,50,4
1,894,51.666,50,4
1,894,6.6660004,50,4
2,2694.0,453.66498,50,4
1,894,3.3330002,50,4
1,894,9.0,50,4
1,894,0.0,50,4
1,894,8.332001,50,4
1,894,8.666,50,4
1,892,1.3330002,50,4
1,894,0.0,50,4
1,894,2.0,50,4
1,894,3.3330002,50,4
1,894,0.0,50,4
1,894,3.3330002,50,4
1,894,0.0,50,4
1,894,25.0,50,4
1,886,6.6640015,50,4
1,894,18.333,50,4
1,892,7.333,50,4
1,894,5.0,50,4
1,887,5.998001,50,4
1,893,3.3330002,50,4
1,893,5.333,50,4
1,894,0.0,50,4
1,893,0.0,50,4
1,894,0.0,50,4
1,887,3.6660004,50,4
1,888,1.9990005,50,4
1,894,3.3330002,50,4
1,892,6.6660004,50,4
1,894,9.0,50,4
1,885,4.998001,50,4
1,891,8.332001,50,4
1,894,1.666,50,4
1,894,0.0,50,4
3,6239.0,5.3280106,50,4
2,2653.0,8.664001,50,4
1,894,6.666,50,4
1,894,0.0,50,4
1,894,20.0,50,4
1,894,4.9990005,50,4
1,894,7.0,50,4
1,892,0.0,50,4
1,893,3.0,50,4
1,894,22.0,50,4
1,893,5.333,50,4
1,870,2.998001,50,4
1,894,1.6660004,50,4
1,892,1.0,50,4
1,894,9.0,50,4
8,63775.0,47.530838,50,4
1,894,0.0,50,4
1,886,9.332001,50,4
1,894,3.333,50,4
1,877,3.665001,50,4
1,894,0.0,50,4
1,893,7.333,50,4
1,891,4.333,50,4
1,894,5.0,50,4
1,889,10.333,50,4
9,105934.0,2.4563065,50,4
1,893,3.9990005,50,4
1,892,1.9990005,50,4
1,890,3.3330002,50,4
1,886,13.998001,50,4
1,893,2.0,50,4
1,894,5.0,50,4
1,894,0.0,50,4
1,894,0.0,50,4
1,894,0.0,50,4
1,894,9.0,50,4
1,893,0.0,50,4
1,893,8.999001,50,4
1,892,4.3320003,50,4
1,894,3.333,50,4
1,894,2.0,50,4
1,888,5.0,50,4
1,894,14.0,50,4
2,2655.0,18.663002,50,4
4,11508.0,7.6542587,50,4
1,894,3.3330002,50,4
1,893,0.0,50,4
1,893,8.332001,50,4
1,894,0.0,50,4
1,894,3.3330002,50,4
2,2647.0,17.326988,50,4
1,894,15.0,50,4
1,894,17.333,50,4
1,894,5.0,50,4
1,894,0.0,50,4
1,894,0.0,50,4
1,894,30.0,50,4
1,891,11.665001,50,4
1,887,2.9990005,50,4
1,894,8.333,50,4
1,886,6.333,50,4
2,2694.0,546.666,50,4
4,11522.0,0.9849472,50,4
1,894,5.0,50,4
1,894,8.333,50,4
1,894,3.3330002,50,4
1,894,3.3330002,50,4
1,894,8.333,50,4
1,894,9.999001,50,4
1,889,6.6660004,50,4
1,894,0.0,50,4
1,892,0.0,50,4
1,894,1.6660004,50,4
1,883,17.329002,50,4
1,893,11.0,50,4
1,894,8.333,50,4
4,11502.0,7.3119736,50,4
1,893,0.0,50,4
1,892,7.665001,50,4
1,890,6.999,50,4
1,894,9.999001,50,4
1,893,97.998,50,4
2,2666.0,5.331993,50,4
1,894,0.0,50,4
3,6244.0,0.9960098,50,4
2,2647.0,7.9970016,50,4
1,882,9.665993,50,4
1,878,27.331001,50,4
1,894,5.0,50,4
1,892,2.0,50,4
1,888,6.6660004,50,4
2,2669.0,2.331009,50,4
4,11585.0,2.9920044,50,4
1,892,6.0,50,4
1,894,6.6660004,50,4
1,894,30.0,50,4
1,894,6.0,50,4
1,894,0.0,50,4
1,894,0.0,50,4
1,893,0.0,50,4
1,894,1.6660004,50,4
1,894,1.6660004,50,4
1,894,9.999001,50,4
8,63833.0,22.868675,50,4
1,891,4.9990005,50,4
1,893,4.9990005,50,4
1,870,3.666008,50,4
1,894,8.0,50,4
1,894,2.0,50,4
1,891,6.3320007,50,4
1,875,6.3320007,50,4
1,889,9.999001,50,4
3,6238.0,5.9939723,50,4
1,894,24.998001,50,4
1,894,13.332001,50,4
1,894,0.0,50,4
1,892,15.0,50,4
1,894,0.0,50,4
1,891,29.333,50,4
1,891,8.333,50,4
1,892,2.3320007,50,4
1,880,2.665001,50,4
1,886,5.333,50,4
1,892,12.333,50,4
1,894,1.6660004,50,4
5,18458.0,8.968178,50,4
1,894,0.0,50,4
1,893,7.6660004,50,4
1,893,5.9990005,50,4
1,890,1.6660004,50,4
1,894,2.0,50,4
1,892,10.666,50,4
1,890,1.9990005,50,4
1,894,0.0,50,4
3,6200.0,8.993965,50,4
1,880,93.331,50,4
1,894,3.3330002,50,4
1,894,8.333,50,4
1,891,2.3330002,50,4
1,893,12.0,50,4
1,894,19.0,50,4
1,874,0.663002,50,4
1,891,0.0,50,4
1,880,34.666,50,4
1,894,0.0,50,4
1,894,0.0,50,4
1,893,6.6660004,50,4
1,894,145.0,50,4
1,892,6.666,50,4
1,894,6.666,50,4
3,6198.0,2.3290024,50,4
1,893,0.0,50,4
1,884,9.333,50,4
1,893,7.0,50,4
1,894,0.0,50,4
1,892,6.9990005,50,4
1,894,237.0,50,4
1,894,30.0,50,4
1,894,25.0,50,4
1,892,1.6660004,50,4
1,894,0.0,50,4
1,894,0.0,50,4
1,893,7.9990005,50,4
1,889,9.332001,50,4
2,2659.0,8.331001,50,4
2,2650.0,10.330986,50,4
1,894,4.0,50,4
1,892,16.999,50,4
1,894,6.6660004,50,4
1,894,0.0,50,4
1,894,63.333,50,4
1,894,0.0,50,4
1,892,6.6660004,50,4
1,885,3.3320003,50,4
1,894,0.0,50,4
5,18629.0,5.9768906,50,4
1,891,2.3320007,50,4
1,894,6.6660004,50,4
1,893,0.0,50,4
1,894,0.0,50,4
1,894,7.333,50,4
1,885,4.9990005,50,4
1,890,3.3320007,50,4
1,894,21.0,50,4
1,894,0.0,50,4
1,894,0.0,50,4
1,893,6.333,50,4
1,894,1.6660004,50,4
1,894,0.0,50,4
1,893,5.0,50,4
1,894,0.0,50,4
2,2660.0,38.99601,50,4
1,890,4.0,50,4
1,886,5.331001,50,4
1,894,3.3330002,50,4
1,893,2.0,50,4
3,6257.0,608.663,50,4
1,891,10.665001,50,4
1,894,5.0,50,4
1,894,6.6660004,50,4
1,889,4.333,50,4
1,892,9.999001,50,4
1,894,3.3330002,50,4
1,894,0.0,50,4
1,892,2.0,50,4
3,6207.0,0.65898895,50,4
3,6198.0,13.6609955,50,4
1,892,2.3330002,50,4
1,894,6.9990005,50,4
1,894,58.332,50,4
1,894,3.3320003,50,4
1,893,1.0,50,4
1,893,7.0,50,4
6,29162.0,1.2985611,50,4
1,892,6.6660004,50,4
1,894,10.666,50,4
1,894,35.999,50,4
1,892,4.333,50,4
1,894,0.0,50,4
1,893,5.333,50,4
1,894,2.0,50,4
1,894,4.9990005,50,4
1,894,6.6660004,50,4
1,894,8.333,50,4
1,894,0.0,50,4
1,894,1.6660004,50,4
1,894,0.0,50,4
1,893,8.333,50,4
1,894,0.0,50,4
1,894,3.333,50,4
1,893,2.0,50,4
2,2666.0,0.66400146,50,4
1,894,6.666,50,4
4,11559.0,0.3239975,50,4
1,891,27.666,50,4
1,892,3.3330002,50,4
5,18615.0,4.3160477,50,4
1,894,1.666,50,4
1,894,6.0,50,4
1,891,1.0,50,4
1,894,29.0,50,4
1,894,0.0,50,4
5,18567.0,7.9782333,50,4
1,894,5.0,50,4
3,6242.0,8.995003,50,4
1,894,8.0,50,4
1,894,0.0,50,4
1,894,1.6660004,50,4
1,894,3.3330002,50,4
1,893,25.666,50,4
1,894,0.0,50,4
1,894,0.0,50,4
1,894,0.0,50,4
1,891,11.333,50,4
1,892,9.0,50,4
2,2694.0,1536.666,50,4
1,893,14.999001,50,4
3,6203.0,5.657982,50,4
1,893,7.333,50,4
1,894,33.333,50,4
1,880,18.665,50,4
1,890,1.6660004,50,4
1,889,8.999001,50,4
1,894,8.332,50,4
1,891,5.6660004,50,4
5,18406.0,2.96743,50,4
1,894,6.6660004,50,4
1,893,4.333,50,4
1,893,8.999001,50,4
1,884,3.9990005,50,4
1,879,6.9990005,50,4
1,892,2.6660004,50,4
1,892,1.6660004,50,4
1,879,4.9990005,50,4
1,893,6.6660004,50,4
1,894,0.0,50,4
1,893,5.0,50,4
1,893,9.0,50,4
1,876,8.332001,50,4
1,892,6.6660004,50,4
1,894,8.333,50,4
1,894,6.6660004,50,4
1,894,13.333,50,4
1,894,0.0,50,4
1,894,3.3330002,50,4
1,893,8.333,50,4
1,894,15.0,50,4
1,894,12.333,50,4
8,63445.0,7.506508,50,4
1,894,0.0,50,4
2,2691.0,478.333,50,4
1,885,0.33200073,50,4
1,886,9.331001,50,4
1,891,5.333,50,4
1,872,7.9979935,50,4
1,893,5.9990005,50,4
1,887,3.665001,50,4
1,894,26.666,50,4
1,886,2.9990005,50,4
1,894,0.0,50,4
1,889,9.666,50,4
1,894,2.0,50,4
1,893,3.9990005,50,4
1,894,5.0,50,4
1,894,8.333,50,4
1,894,8.332001,50,4
1,889,6.0,50,4
1,893,1.6660004,50,4
1,893,6.6660004,50,4
1,893,34.0,50,4
1,894,9.0,50,4
1,893,9.0,50,4
1,893,7.6660004,50,4
1,894,8.333,50,4
1,894,1.6660004,50,4
1,894,0.0,50,4
1,892,1.0,50,4
5,18690.0,3.6539764,50,4
1,893,5.0,50,4
1,894,6.6660004,50,4
1,894,3.333,50,4
1,886,0.66600037,50,4
1,894,0.0,50,4
1,892,29.666,50,4
1,892,8.0,50,4
1,894,5.0,50,4
1,885,47.332,50,4
1,894,0.0,50,4
1,893,2.6660004,50,4
1,894,0.0,50,4
1,893,1.6660004,50,4
1,894,0.0,50,4
1,891,1.6660004,50,4
1,894,3.333,50,4
1,894,3.3330002,50,4
1,894,5.0,50,4
1,885,33.666,50,4
1,893,6.6660004,50,4
1,894,0.0,50,4
1,894,13.333,50,4
1,894,3.333,50,4
1,894,3.3330002,50,4
1,894,23.333,50,4
1,894,3.3330002,50,4
1,894,8.332001,50,4
2,2663.0,10.663986,50,4
2,2646.0,8.997009,50,4
1,894,0.0,50,4
1,893,16.666,50,4
1,894,0.0,50,4
1,894,12.666,50,4
1,892,9.0,50,4
1,894,8.333,50,4
1,894,1.6660004,50,4
1,894,8.332001,50,4
1,894,0.0,50,4
1,892,0.66600037,50,4
1,894,0.0,50,4
4,11526.0,1.9901577,50,4
1,893,8.666,50,4
1,893,2.3330002,50,4
2,2694.0,277.33203,50,4
1,890,2.666,50,4
1,892,7.6660004,50,4
1,892,7.6660004,50,4
1,894,21.666,50,4
1,894,3.3320007,50,4
1,894,17.332,50,4
1,894,0.0,50,4
1,894,0.0,50,4
1,894,6.0,50,4
1,889,9.666,50,4
6,29063.0,5.288582,50,4
1,894,19.0,50,4
1,894,9.0,50,4
1,894,6.0,50,4
1,879,2.9990005,50,4
1,893,4.9990005,50,4
1,894,5.6660004,50,4
1,894,10.0,50,4
1,894,6.6660004,50,4
1,894,6.666,50,4
1,894,0.0,50,4
1,892,67.665,50,4
1,894,5.0,50,4
1,893,0.0,50,4
1,894,0.0,50,4
1,891,7.6660004,50,4
1,894,9.0,50,4
1,894,6.6660004,50,4
1,894,14.333,50,4
1,894,1.6660004,50,4
1,894,15.0,50,4
1,875,8.998001,50,4
1,894,3.333,50,4
1,873,9.665001,50,4
1,893,0.0,50,4
1,894,8.0,50,4
1,892,29.333,50,4
1,893,9.0,50,4
1,893,4.0,50,4
1,894,4.0,50,4
1,893,5.333,50,4
1,894,0.0,50,4
1,894,5.0,50,4
1,888,7.9990005,50,4
1,882,0.33300018,50,4
1,888,9.999001,50,4
1,894,3.3330002,50,4
1,894,1.666,50,4
1,891,7.333,50,4
1,894,6.6660004,50,4
6,29108.0,17.297737,50,4
1,894,10.0,50,4
1,894,3.333,50,4
1,893,0.0,50,4
2,2659.0,3.6660156,50,4
3,6232.0,9.9939575,50,4
3,6254.0,120.996,50,4
10,191248.0,9640.7295,20,1
1,893,3.3330002,50,4
1,894,3.3330002,50,4
1,894,6.6660004,50,4
1,894,0.0,50,4
1,893,6.6660004,50,4
1,894,1.6660004,50,4
1,890,11.999001,50,4
1,893,4.0,50,4
1,893,5.0,50,4
1,894,17.666,50,4
1,892,0.0,50,4
1,894,21.666,50,4
1,894,0.0,50,4
4,11562.0,5.65596,50,4
1,885,4.6650004,50,4
1,874,0.66399384,50,4
1,894,0.0,50,4
1,888,9.666,50,4
1,891,9.998,50,4
1,894,0.0,50,4
1,894,5.0,50,4
1,894,1.6660004,50,4
1,893,79.332,50,4
2,2660.0,25.33197,50,4
1,894,0.0,50,4
2,2662.0,9.665001,50,4
1,894,9.0,50,4
10,191093.0,8284.69,10,0
1,885,9.999001,50,4
1,887,6.3320007,50,4
1,894,0.0,50,4
4,11568.0,114.65708,50,4
1,894,3.3330002,50,4
1,891,3.3320007,50,4
1,892,8.333,50,4
5,18483.0,1.3133087,50,4
1,892,9.999001,50,4
1,883,0.99900055,50,4
1,894,8.333,50,4
1,894,2.0,50,4
1,893,6.6660004,50,4
1,890,6.3320003,50,4
1,894,0.0,50,4
1,894,3.3330002,50,4
1,894,0.0,50,4
1,889,20.998001,50,4
3,6225.0,3.661003,50,4
1,894,1.6660004,50,4
1,873,6.6640015,50,4
1,890,1.6660004,50,4
6,28988.0,27.953957,50,4
1,894,45.0,50,4
1,894,29.0,50,4
4,11593.0,364.32404,50,4
1,892,3.333,50,4
2,2660.0,3.6639862,50,4
1,893,4.9990005,50,4
1,894,5.0,50,4
1,894,11.666,50,4
1,894,0.0,50,4
1,894,3.3330002,50,4
1,893,1.9980007,50,4
1,894,55.333,50,4
1,890,9.999001,50,4
1,894,0.0,50,4
1,893,5.333,50,4
1,894,3.333,50,4
3,6244.0,6.9950104,50,4
1,894,11.666,50,4
4,11592.0,4.9960556,50,4
1,894,0.0,50,4
1,894,3.333,50,4
1,876,14.331001,50,4
1,894,143.666,50,4
1,877,0.66600037,50,4
1,884,4.3320007,50,4
1,891,10.333,50,4
1,883,7.9990005,50,4
1,893,8.332,50,4
4,11568.0,205.99307,50,4
3,6221.0,2.3309784,50,4
1,893,18.666,50,4
1,894,7.0,50,4
1,894,6.666,50,4
1,880,29.331001,50,4
1,893,6.6660004,50,4
1,894,0.0,50,4
1,894,106.0,50,4
1,894,0.0,50,4
1,894,28.0,50,4
1,894,100.332,50,4
1,894,0.0,50,4
1,894,0.0,50,4
1,892,12.999001,50,4
1,892,0.0,50,4
1,882,5.6639996,50,4
1,891,9.0,50,4
1,893,9.999001,50,4
1,890,4.0,50,4
1,892,6.666,50,4
1,894,0.0,50,4
1,890,6.665001,50,4
1,894,3.3320003,50,4
1,894,13.666,50,4
1,894,4.9990005,50,4
1,894,3.3330002,50,4
1,871,0.66400146,50,4
1,894,3.6660004,50,4
2,2671.0,169.998,50,4
1,889,24.665,50,4
6,29018.0,2.9536972,50,4
1,893,13.332001,50,4
1,894,0.0,50,4
1,889,9.332001,50,4
1,894,13.333,50,4
1,894,9.999001,50,4
1,892,4.333,50,4
1,894,1.6660004,50,4
1,893,6.6660004,50,4
1,894,9.999001,50,4
1,894,8.333,50,4
3,6195.0,4.328064,50,4
1,883,6.665001,50,4
1,892,3.3330002,50,4
1,888,1.6660004,50,4
6,29168.0,3.9606018,50,4
1,892,6.666,50,4
1,894,7.0,50,4
1,893,11.665001,50,4
1,879,2.3320007,50,4
1,894,11.666,50,4
6,28991.0,5.6180573,50,4
1,893,3.3320003,50,4
9,105696.0,9.463699,50,4
1,894,0.0,50,4
1,894,0.0,50,4
1,886,7.9990005,50,4
1,892,6.665001,50,4
1,888,8.0,50,4
1,894,0.0,50,4
3,6244.0,5.661957,50,4
1,894,0.0,50,4
1,892,4.9990005,50,4
1,894,1.666,50,4
1,894,5.0,50,4
1,885,8.999001,50,4
1,894,3.666,50,4
1,891,8.666,50,4
1,894,26.0,50,4
1,892,20.0,50,4
1,894,3.3320003,50,4
1,888,10.666,50,4
2,2660.0,0.6629944,50,4
4,11500.0,9.318054,50,4
1,894,5.0,50,4
1,894,6.6660004,50,4
1,891,5.999,50,4
1,894,0.0,50,4
1,893,11.0,50,4
1,894,3.3330002,50,4
1,894,0.0,50,4
1,894,60.0,50,4
1,883,4.3320007,50,4
1,879,0.33100128,50,4
1,894,25.666,50,4
1,894,1.6660004,50,4
1,893,3.3330002,50,4
1,894,0.0,50,4
1,891,6.6660004,50,4
4,11518.0,9.989014,50,4
1,894,0.0,50,4
1,894,0.0,50,4
1,894,9.0,50,4
1,894,10.333,50,4
1,888,8.333,50,4
1,894,27.666,50,4
1,893,2.0,50,4
1,877,8.665001,50,4
1,894,0.0,50,4
1,894,7.6660004,50,4
1,893,2.0,50,4
1,892,1.6660004,50,4
1,894,0.0,50,4
6,29086.0,11.294563,50,4
1,894,1.666,50,4
1,894,0.0,50,4
1,894,3.333,50,4
1,886,2.998001,50,4
1,892,2.6660004,50,4
1,894,63.0,50,4
1,887,8.665001,50,4
1,890,1.3320007,50,4
1,894,6.6660004,50,4
1,894,0.0,50,4
1,891,9.999001,50,4
1,893,3.3330002,50,4
1,894,0.0,50,4
1,894,3.3330002,50,4
1,894,0.0,50,4
1,893,6.6660004,50,4
1,893,5.0,50,4
2,2651.0,8.328972,50,4
2,2653.0,4.3319855,50,4
1,876,6.333,50,4
1,892,0.0,50,4
1,894,0.0,50,4
1,894,1.6660004,50,4
1,883,7.0,50,4
4,11591.0,7.3240128,50,4
1,894,0.0,50,4
1,894,3.3330002,50,4
1,894,0.0,50,4
1,887,6.6660004,50,4
1,894,6.0,50,4
1,894,8.0,50,4
1,892,0.0,50,4
5,18405.0,6.294174,50,4
1,894,5.0,50,4
1,894,6.0,50,4
1,894,0.0,50,4
1,892,4.0,50,4
1,872,9.664001,50,4
1,891,31.666,50,4
1,894,0.0,50,4
1,894,6.666,50,4
1,885,1.6650009,50,4
1,894,0.0,50,4
1,890,5.6660004,50,4
1,894,8.332001,50,4
1,889,68.332,50,4
1,894,8.332001,50,4
1,894,6.6660004,50,4
2,2657.0,9.32901,50,4
1,894,6.6660004,50,4
1,893,7.333,50,4
4,11537.0,24.65216,50,4
1,892,3.3330002,50,4
1,894,0.0,50,4
1,894,0.0,50,4
3,6222.0,3.9959793,50,4
1,894,3.333,50,4
1,894,6.666,50,4
1,891,9.333,50,4
1,894,0.0,50,4
1,894,3.3330002,50,4
1,894,1.666,50,4
1,886,3.0,50,4
1,894,0.0,50,4
1,894,1.6660004,50,4
1,892,0.0,50,4
5,18667.0,7.9830246,50,4
1,888,3.3320007,50,4
1,894,1.666,50,4
1,894,4.9990005,50,4
1,892,0.0,50,4
1,894,8.666,50,4
1,888,1.6660004,50,4
1,891,2.6660004,50,4
1,892,2.0,50,4
1,887,9.999001,50,4
1,894,0.0,50,4
1,890,5.0,50,4
1,893,4.0,50,4
1,892,5.333,50,4
1,894,60.0,50,4
1,876,5.3320007,50,4
1,891,6.6660004,50,4
1,894,6.6660004,50,4
1,892,6.6660004,50,4
1,892,4.6660004,50,4
1,891,0.0,50,4
1,893,0.0,50,4
2,2651.0,10.330994,50,4
1,894,18.666,50,4
1,880,11.665001,50,4
1,894,13.333,50,4
1,886,7.9990005,50,4
1,893,3.3320007,50,4
1,874,11.331001,50,4
1,894,3.3330002,50,4
1,894,1.6660004,50,4
1,893,4.333,50,4
1,893,6.6660004,50,4
1,894,0.0,50,4
2,2694.0,337.333,50,4
1,882,6.998001,50,4
1,894,6.6660004,50,4
3,6243.0,5.997986,50,4
1,894,0.0,50,4
1,894,9.999001,50,4
1,894,1.6660004,50,4
1,894,6.6660004,50,4
1,889,6.6660004,50,4
2,2667.0,6.663002,50,4
1,894,14.0,50,4
1,894,1.6660004,50,4
1,894,0.0,50,4
1,886,44.332,50,4
1,892,8.0,50,4
1,894,4.9990005,50,4
1,894,0.0,50,4
1,894,0.0,50,4
1,893,7.0,50,4
1,894,6.6660004,50,4
1,886,8.333,50,4
2,2663.0,6.6649933,50,4
1,894,1.6660004,50,4
1,891,11.666,50,4
1,894,3.3330002,50,4
1,894,3.3330002,50,4
1,894,1.6660004,50,4
1,891,5.0,50,4
5,18648.0,7.3163147,50,4
1,893,9.332001,50,4
4,11528.0,2.9900284,50,4
1,894,0.0,50,4
1,888,1.6640015,50,4
3,6251.0,162.99701,50,4
1,892,0.0,50,4
1,894,0.0,50,4
1,889,1.6660004,50,4
4,11528.0,165.32208,50,4
1,881,1.6660004,50,4
1,894,0.0,50,4
1,893,27.666,50,4
1,894,0.0,50,4
1,885,2.3320007,50,4
1,894,1.6660004,50,4
1,892,1.666,50,4
1,892,9.999001,50,4
1,894,4.9990005,50,4
1,894,7.666,50,4
1,892,3.3330002,50,4
1,894,0.0,50,4
1,894,1.666,50,4
10,190584.0,3142.3525,10,0
1,894,0.0,50,4
1,894,4.9990005,50,4
1,893,7.0,50,4
1,894,0.0,50,4
1,893,3.3320003,50,4
1,894,3.333,50,4
1,894,3.3320007,50,4
2,2661.0,18.995995,50,4
1,894,6.6660004,50,4
1,883,6.9980006,50,4
1,894,0.0,50,4
1,893,2.0,50,4
1,892,13.333,50,4
1,894,0.0,50,4
1,894,3.333,50,4
1,894,7.0,50,4
1,890,51.0,50,4
1,893,1.6660004,50,4
1,894,3.333,50,4
1,894,3.3330002,50,4
1,891,5.6650004,50,4
1,894,6.6660004,50,4
1,894,0.0,50,4
1,891,3.3330002,50,4
1,883,1.6660004,50,4
2,2668.0,5.6660004,50,4
1,889,8.332001,50,4
1,894,0.0,50,4
1,893,1.6660004,50,4
1,894,12.333,50,4
1,894,4.9990005,50,4
2,2657.0,3.6610107,50,4
1,894,9.999001,50,4
1,893,7.666,50,4
5,18415.0,6.2955246,50,4
1,894,3.3330002,50,4
1,887,2.6660004,50,4
1,893,24.666,50,4
1,892,0.66600037,50,4
1,894,0.0,50,4
1,894,16.999,50,4
1,887,6.6660004,50,4
1,879,6.6660004,50,4
1,894,5.0,50,4
1,881,15.999001,50,4
3,6237.0,0.32800293,50,4
1,894,3.3330002,50,4
1,894,3.333,50,4
1,872,3.3310013,50,4
3,6234.0,15.993996,50,4
1,894,9.0,50,4
2,2659.0,17.997017,50,4
1,893,30.0,50,4
1,885,9.332001,50,4
1,894,8.0,50,4
1,894,8.333,50,4
1,894,0.0,50,4
1,894,35.0,50,4
1,891,0.66600037,50,4
5,18574.0,7.3083725,50,4
1,894,9.0,50,4
1,890,7.9990005,50,4
1,894,3.3330002,50,4
1,893,7.0,50,4
1,882,4.6660004,50,4
1,892,0.0,50,4
1,894,1.6660004,50,4
1,890,3.333,50,4
1,891,2.0,50,4
1,891,4.9990005,50,4
3,6223.0,11.661995,50,4
1,893,3.3330002,50,4
1,894,5.0,50,4
1,894,8.0,50,4
1,894,30.0,50,4
1,894,3.3330002,50,4
1,893,2.3330002,50,4
1,894,8.0,50,4
1,894,3.3330002,50,4
1,894,3.3330002,50,4
2,2656.0,34.664993,50,4
1,894,1.666,50,4
1,894,8.0,50,4
1,894,6.0,50,4
1,894,0.0,50,4
1,894,0.0,50,4
1,887,5.6640015,50,4
1,893,7.333,50,4
1,894,28.333,50,4
1,893,16.665,50,4
1,891,12.332001,50,4
1,884,5.3320007,50,4
1,894,0.0,50,4
1,877,9.330002,50,4
1,894,0.0,50,4
1,885,3.3320007,50,4
1,890,8.666,50,4
1,894,20.0,50,4
3,6228.0,8.995979,50,4
1,893,8.666,50,4
1,894,20.333,50,4
1,892,44.332,50,4
1,894,9.0,50,4
1,894,5.0,50,4
1,889,1.3320007,50,4
1,892,3.3330002,50,4
1,894,5.0,50,4
1,893,19.666,50,4
1,892,2.3320007,50,4
1,889,6.9990005,50,4
1,894,0.0,50,4
1,894,0.0,50,4
1,894,5.0,50,4
2,2667.0,9.330994,50,4
1,894,2.0,50,4
1,894,8.332001,50,4
1,886,58.666,50,4
1,894,0.0,50,4
1,894,43.999,50,4
1,894,5.333,50,4
1,894,1.666,50,4
1,894,8.333,50,4
1,877,8.666,50,4
1,894,25.0,50,4
1,894,9.999001,50,4
2,2670.0,29.331993,50,4
1,879,1.3310013,50,4
1,891,6.0,50,4
1,889,9.999001,50,4
1,892,3.6660004,50,4
1,894,0.0,50,4
1,894,5.0,50,4
1,891,14.998001,50,4
1,893,101.0,50,4
1,894,5.333,50,4
1,890,4.333,50,4
1,890,5.9990005,50,4
1,894,17.999,50,4
1,894,0.0,50,4
1,894,0.0,50,4
1,894,4.9990005,50,4
1,886,7.3320007,50,4
1,892,1.6640015,50,4
1,887,14.666,50,4
1,894,10.0,50,4
1,877,3.9979932,50,4
2,2656.0,6.995987,50,4
1,889,0.0,50,4
1,893,5.0,50,4
1,894,20.0,50,4
1,894,8.333,50,4
1,890,3.6660004,50,4
1,894,0.0,50,4
1,892,8.332001,50,4
5,18548.0,0.97219086,50,4
1,892,3.3330002,50,4
1,893,9.0,50,4
1,893,3.3330002,50,4
1,893,1.3330002,50,4
1,893,5.0,50,4
1,892,2.3330002,50,4
1,893,13.332001,50,4
1,894,3.3330002,50,4
2,2650.0,11.997009,50,4
1,875,9.999001,50,4
1,893,7.3320007,50,4
1,887,3.6660004,50,4
1,885,9.666,50,4
1,892,11.333,50,4
1,893,3.3330002,50,4
1,894,0.0,50,4
1,882,7.333,50,4
1,894,0.0,50,4
3,6224.0,8.993004,50,4
5,18437.0,3.6333385,50,4
10,190564.0,2670.3481,20,1
1,894,0.0,50,4
3,6246.0,54.664993,50,4
1,894,0.0,50,4
1,894,2.0,50,4
1,892,59.999,50,4
1,890,9.999001,50,4
1,894,8.0,50,4
1,894,5.0,50,4
1,894,6.666,50,4
1,887,45.666,50,4
1,888,0.0,50,4
1,891,5.0,50,4
1,872,8.330002,50,4
1,894,10.666,50,4
1,894,1.6660004,50,4
1,891,1.666,50,4
1,894,13.332001,50,4
1,883,5.6660004,50,4
1,889,6.6660004,50,4
5,18668.0,8.3211975,50,4
1,894,3.3330002,50,4
1,893,17.666,50,4
1,892,0.0,50,4
1,890,11.666,50,4
1,894,0.0,50,4
1,893,5.666,50,4
1,891,5.6660004,50,4
1,894,18.332,50,4
1,894,0.0,50,4
1,893,0.0,50,4
1,892,21.0,50,4
1,892,6.9990005,50,4
1,884,2.664001,50,4
3,6228.0,0.66300964,50,4
1,894,13.666,50,4
1,880,9.998993,50,4
4,11573.0,1.9939728,50,4
1,894,0.0,50,4
1,894,0.0,50,4
2,2658.0,6.9940104,50,4
1,873,1.6640015,50,4
1,894,3.3330002,50,4
1,894,0.0,50,4
1,894,11.999001,50,4
3,6223.0,16.661995,50,4
1,893,39.0,50,4
1,894,18.333,50,4
1,894,0.0,50,4
3,6218.0,4.9929733,50,4
1,887,3.3330002,50,4
1,880,7.6650004,50,4
1,894,3.3330002,50,4
1,894,3.333,50,4
1,894,1.6660004,50,4
1,893,7.666,50,4
1,894,0.0,50,4
1,892,93.999,50,4
5,18543.0,3.3080134,50,4
1,894,5.0,50,4
1,892,6.6660004,50,4
1,894,0.0,50,4
1,894,7.666,50,4
1,892,0.0,50,4
3,6219.0,9.99398,50,4
1,890,3.3330002,50,4
3,6242.0,2.3270035,50,4
1,894,7.6660004,50,4
1,894,0.0,50,4
1,892,0.0,50,4
1,881,1.3320007,50,4
7,42978.0,1.2664871,50,4
1,894,0.0,50,4
1,894,18.333,50,4
1,887,3.9980009,50,4
1,891,49.333,50,4
1,870,0.6649933,50,4
8,63710.0,7.864837,50,4
1,894,9.333,50,4
1,894,3.333,50,4
1,893,38.998,50,4
1,894,7.0,50,4
1,894,1.6660004,50,4
1,877,7.3310013,50,4
1,890,0.99900055,50,4
1,885,9.332001,50,4
1,894,0.0,50,4
1,890,6.999,50,4
1,894,8.333,50,4
1,894,1.6660004,50,4
3,6210.0,9.994095,50,4
1,888,25.666,50,4
1,883,7.0,50,4
1,892,0.0,50,4
1,894,0.0,50,4
1,894,8.332001,50,4
1,885,12.999001,50,4
1,894,0.0,50,4
2,2649.0,14.997963,50,4
1,871,4.3310013,50,4
1,890,3.6660001,50,4
1,894,9.0,50,4
1,894,19.999,50,4
1,883,17.666,50,4
1,894,23.0,50,4
1,894,8.0,50,4
1,893,2.3320003,50,4
1,894,0.0,50,4
1,894,0.0,50,4
1,886,7.6660004,50,4
1,894,1.6660004,50,4
2,2694.0,306.666,50,4
1,892,4.6660004,50,4
1,894,5.0,50,4
1,894,6.6660004,50,4
1,894,6.0,50,4
1,894,0.0,50,4
1,893,0.0,50,4
1,891,12.999001,50,4
1,894,29.999,50,4
1,894,0.0,50,4
1,888,4.9990005,50,4
6,29016.0,7.6159363,50,4
1,894,5.0,50,4
1,892,2.3330002,50,4
1,893,4.9990005,50,4
1,891,6.333,50,4
1,888,9.999001,50,4
1,894,9.666,50,4
1,894,5.0,50,4
1,894,28.333,50,4
1,894,16.666,50,4
1,893,0.0,50,4
1,894,0.0,50,4
1,894,17.0,50,4
1,894,0.0,50,4
1,894,3.333,50,4
1,888,5.0,50,4
1,891,8.0,50,4
1,892,8.666,50,4
1,883,39.332,50,4
1,893,8.333,50,4
1,891,20.666,50,4
1,889,7.333,50,4
1,876,5.3319855,50,4
2,2690.0,455.665,50,4
1,894,3.3330002,50,4
1,876,9.665001,50,4
1,894,0.0,50,4
1,894,6.6660004,50,4
1,894,0.0,50,4
1,894,5.6660004,50,4
1,893,2.0,50,4
1,893,7.0,50,4
1,891,5.665001,50,4
1,892,0.0,50,4
3,6224.0,8.328011,50,4
3,6224.0,20.995033,50,4
1,893,7.666,50,4
1,894,1.6660004,50,4
4,11570.0,1.6570282,50,4
1,894,0.0,50,4
2,2661.0,0.9989929,50,4
1,893,3.333,50,4
1,883,3.663002,50,4
1,893,0.0,50,4
1,894,6.6650004,50,4
1,891,9.331001,50,4
1,887,8.998001,50,4
1,894,3.333,50,4
8,63615.0,4.5209656,50,4
1,893,5.0,50,4
1,894,3.3330002,50,4
1,894,0.0,50,4
1,894,9.0,50,4
5,18467.0,8.636398,50,4
1,894,3.3330002,50,4
1,891,3.3330002,50,4
1,894,11.666,50,4
3,6214.0,4.6619644,50,4
1,894,0.0,50,4
1,892,3.3320003,50,4
1,892,9.999001,50,4
1,893,4.0,50,4
2,2671.0,74.329994,50,4
1,884,3.3330002,50,4
1,882,9.999001,50,4
1,893,4.9990005,50,4
1,894,1.6660004,50,4
1,893,1.0,50,4
1,877,7.3320007,50,4
1,894,0.0,50,4
1,893,3.3330002,50,4
1,894,21.666,50,4
1,888,5.9990005,50,4
1,894,6.6660004,50,4
1,883,21.665,50,4
1,877,59.999,50,4
1,894,0.0,50,4
1,893,8.0,50,4
3,6228.0,6.9939957,50,4
1,894,4.0,50,4
1,894,33.999,50,4
1,893,0.0,50,4
1,894,3.3330002,50,4
1,894,2.0,50,4
1,894,6.666,50,4
1,894,0.0,50,4
4,11588.0,9.660027,50,4
1,893,4.333,50,4
1,894,3.333,50,4
1,888,33.665,50,4
1,894,1.666,50,4
1,892,3.3330002,50,4
1,893,19.0,50,4
1,878,13.665001,50,4
3,6220.0,13.326988,50,4
1,894,0.0,50,4
1,894,3.333,50,4
1,892,6.6660004,50,4
1,894,3.3330002,50,4
5,18550.0,7.981941,50,4
1,878,9.332001,50,4
3,6196.0,3.9909897,50,4
1,893,5.9990005,50,4
1,892,9.664001,50,4
1,891,4.999,50,4
1,894,0.0,50,4
1,875,4.9990005,50,4
1,894,0.0,50,4
1,893,48.333,50,4
1,894,0.0,50,4
1,892,1.6660004,50,4
1,893,9.333,50,4
1,890,4.6650004,50,4
1,894,6.6660004,50,4
1,894,0.0,50,4
1,892,11.333,50,4
1,894,0.0,50,4
1,892,4.6660004,50,4
1,894,0.0,50,4
1,890,8.0,50,4
1,890,3.6660004,50,4
1,894,0.0,50,4
1,894,0.0,50,4
5,18424.0,2.3062668,50,4
5,18694.0,24.985031,50,4
1,894,8.666,50,4
6,28968.0,1.2867737,50,4
1,890,3.0,50,4
1,894,13.332001,50,4
6,29125.0,2.2977295,50,4
1,893,3.3330002,50,4
2,2666.0,4.998001,50,4
1,894,23.666,50,4
1,891,5.0,50,4
1,894,30.0,50,4
1,893,92.33299,50,4
1,884,10.999001,50,4
1,882,9.997002,50,4
1,893,17.666,50,4
1,891,83.666,50,4
1,893,15.666,50,4
2,2669.0,4.9980087,50,4
1,890,6.999,50,4
1,891,6.6660004,50,4
1,894,9.0,50,4
1,894,3.333,50,4
1,891,6.3320007,50,4
1,894,0.0,50,4
1,894,6.666,50,4
1,894,0.0,50,4
1,889,0.6650009,50,4
1,894,0.0,50,4
4,11529.0,0.6569748,50,4
1,894,3.3330002,50,4
1,893,0.99900055,50,4
1,894,60.999,50,4
1,889,6.0,50,4
5,18658.0,3.9830017,50,4
1,893,8.332001,50,4
1,894,8.0,50,4
1,893,3.3330002,50,4
1,894,10.665999,50,4
1,894,11.666,50,4
1,894,8.333,50,4
1,891,3.3330002,50,4
1,892,1.6650009,50,4
1,894,3.3330002,50,4
4,11505.0,16.978928,50,4
1,886,0.6650009,50,4
1,891,16.333,50,4
1,892,6.666,50,4
1,894,0.0,50,4
1,894,5.333,50,4
1,890,3.3330002,50,4
1,887,6.665001,50,4
1,879,13.998001,50,4
1,894,30.0,50,4
1,889,13.666,50,4
1,893,9.0,50,4
10,190493.0,2166.006,30,2
1,881,6.998001,50,4
1,890,9.0,50,4
1,892,3.3330002,50,4
1,894,4.9990005,50,4
1,894,1.666,50,4
1,879,3.3320007,50,4
5,18566.0,6.975006,50,4
1,894,1.6660004,50,4
1,890,6.6650004,50,4
1,891,6.6660004,50,4
1,894,0.0,50,4
1,894,0.0,50,4
1,892,20.666,50,4
1,894,0.0,50,4
2,2646.0,0.9939804,50,4
1,893,3.3330002,50,4
2,2665.0,1.6640091,50,4
1,894,4.0,50,4
5,18564.0,0.63658905,50,4
1,894,9.666,50,4
1,884,4.3310013,50,4
1,894,0.0,50,4
1,894,0.0,50,4
1,894,3.333,50,4
1,894,1.666,50,4
1,877,1.9980087,50,4
1,894,0.0,50,4
1,894,0.0,50,4
1,894,21.666,50,4
1,894,0.0,50,4
1,894,3.3330002,50,4
1,893,0.0,50,4
1,894,1.6660004,50,4
1,892,0.0,50,4
1,880,11.331001,50,4
1,894,4.9990005,50,4
1,888,6.6660004,50,4
5,18435.0,4.634056,50,4
1,892,5.665001,50,4
2,2657.0,6.663002,50,4
1,893,3.0,50,4
1,893,3.3330002,50,4
1,892,0.33200073,50,4
1,894,3.3330002,50,4
1,893,5.0,50,4
1,894,0.0,50,4
1,894,0.0,50,4
1,894,0.0,50,4
1,894,3.3330002,50,4
3,6235.0,7.6629944,50,4
1,892,0.0,50,4
1,892,0.0,50,4
1,894,1.6660004,50,4
1,891,0.33200073,50,4
1,893,1.9990005,50,4
1,894,6.6660004,50,4
1,893,1.666,50,4
1,894,5.0,50,4
1,885,9.332001,50,4
1,893,5.6660004,50,4
1,894,34.666,50,4
1,894,0.0,50,4
1,893,5.3329997,50,4
1,894,6.6660004,50,4
1,893,5.0,50,4
4,11510.0,0.986969,50,4
1,893,0.0,50,4
1,892,8.0,50,4
2,2668.0,8.998001,50,4
8,63195.0,2.1557922,50,4
1,891,6.665001,50,4
1,894,0.0,50,4
1,894,3.333,50,4
1,894,0.0,50,4
1,894,8.0,50,4
1,890,109.333,50,4
1,893,15.0,50,4
1,894,9.999001,50,4
1,894,3.3330002,50,4
1,893,3.3330002,50,4
1,890,3.9990005,50,4
1,894,1.6660004,50,4
1,889,8.333,50,4
4,11510.0,6.315033,50,4
1,892,4.9990005,50,4
1,894,30.0,50,4
1,893,8.666,50,4
1,876,6.998001,50,4
1,892,9.999001,50,4
1,894,8.333,50,4
1,894,6.6660004,50,4
1,889,48.665,50,4
1,892,0.0,50,4
1,894,3.3330002,50,4
1,894,20.0,50,4
1,894,9.0,50,4
4,11594.0,9.98909,50,4
1,894,0.0,50,4
1,894,0.0,50,4
1,894,3.3330002,50,4
1,886,9.998993,50,4
1,894,5.0,50,4
1,894,8.665999,50,4
2,2659.0,9.330009,50,4
1,894,21.0,50,4
1,893,4.9990005,50,4
10,190421.0,1547.6611,30,2
1,894,0.0,50,4
1,894,14.0,50,4
1,875,3.9979935,50,4
1,893,27.666,50,4
1,894,0.0,50,4
1,894,1.6660004,50,4
1,894,3.3320003,50,4
1,894,3.3320003,50,4
5,18633.0,8.98024,50,4
1,894,0.0,50,4
1,894,0.0,50,4
1,894,0.0,50,4
1,894,20.666,50,4
1,893,4.333,50,4
1,894,6.666,50,4
1,893,9.999001,50,4
1,894,0.0,50,4
1,893,6.0,50,4
1,894,26.0,50,4
1,893,4.9990005,50,4
1,893,5.333,50,4
1,881,0.6650009,50,4
1,894,9.999001,50,4
1,892,48.333,50,4
1,891,20.0,50,4
1,894,3.3330002,50,4
1,893,3.3330002,50,4
1,894,8.332001,50,4
1,894,6.0,50,4
1,890,9.0,50,4
1,894,3.3330002,50,4
1,893,8.332001,50,4
1,893,7.0,50,4
1,894,5.0,50,4
2,2668.0,56.998,50,4
7,43245.0,14.940018,50,4
1,893,4.9990005,50,4
1,891,5.9990005,50,4
2,2657.0,9.996994,50,4
1,894,5.333,50,4
1,893,6.666,50,4
5,18554.0,3.6371384,50,4
1,894,3.333,50,4
1,894,3.333,50,4
1,894,9.999001,50,4
1,894,3.3330002,50,4
1,894,1.6660004,50,4
7,42997.0,6.5828395,50,4
1,893,0.0,50,4
1,892,8.0,50,4
3,6223.0,6.3290253,50,4
4,11570.0,16.991058,50,4
1,891,0.0,50,4
1,894,1.666,50,4
1,894,5.0,50,4
1,894,5.0,50,4
1,894,5.0,50,4
1,894,6.6660004,50,4
1,894,9.999001,50,4
1,891,3.9990005,50,4
1,893,172.0,50,4
2,2655.0,11.660988,50,4
1,894,8.333,50,4
1,893,0.0,50,4
1,894,5.0,50,4
1,889,9.333,50,4
8,63576.0,7.857788,50,4
1,893,6.666,50,4
1,894,8.333,50,4
1,894,4.0,50,4
1,894,1.6660004,50,4
2,2666.0,8.329987,50,4
1,894,4.999,50,4
1,894,0.0,50,4
1,893,0.0,50,4
2,2667.0,9.998001,50,4
1,894,0.0,50,4
1,894,3.3330002,50,4
1,893,1.0,50,4
1,883,8.330002,50,4
1,894,3.3330002,50,4
1,894,10.0,50,4
1,894,0.0,50,4
1,883,6.6660004,50,4
1,891,3.0,50,4
1,893,2.0,50,4
1,894,5.3329997,50,4
1,893,4.999,50,4
1,892,205.33101,50,4
1,891,4.0,50,4
1,893,8.0,50,4
1,894,5.0,50,4
1,894,0.0,50,4
1,894,1.6660004,50,4
1,894,8.0,50,4
1,892,8.333,50,4
1,894,6.6660004,50,4
1,894,3.3330002,50,4
1,894,160.0,50,4
1,889,6.3320007,50,4
1,894,8.333,50,4
1,894,8.0,50,4
1,894,9.0,50,4
1,894,0.0,50,4
1,894,8.332001,50,4
1,870,7.3310013,50,4
1,892,31.666,50,4
1,886,3.3330002,50,4
1,894,1.6660004,50,4
1,894,6.666,50,4
1,894,0.0,50,4
2,2665.0,3.3300018,50,4
1,894,0.0,50,4
5,18609.0,0.98033905,50,4
1,890,2.9990005,50,4
1,894,8.332001,50,4
1,893,3.3330002,50,4
1,894,0.0,50,4
1,880,4.6660004,50,4
1,894,45.333,50,4
1,888,0.99900055,50,4
1,892,15.665001,50,4
1,893,9.998001,50,4
6,29006.0,3.2820048,50,4
1,892,1.6660004,50,4
1,893,3.3320007,50,4
1,894,0.0,50,4
9,104055.0,7.341156,50,4
2,2669.0,1.3300018,50,4
1,894,0.0,50,4
1,890,6.333,50,4
1,891,3.333,50,4
1,894,0.0,50,4
1,873,7.6649933,50,4
1,892,0.0,50,4
1,894,12.0,50,4
1,888,5.0,50,4
1,893,5.333,50,4
10,190395.0,1704.6766,30,2
1,884,1.6659927,50,4
1,893,5.0,50,4
1,894,4.9990005,50,4
1,890,6.0,50,4
1,892,14.666,50,4
3,6245.0,66.99397,50,4
1,894,0.0,50,4
1,889,6.665001,50,4
1,887,2.6660004,50,4
1,882,2.998001,50,4
1,894,5.0,50,4
1,894,7.6660004,50,4
1,894,6.0,50,4
1,891,5.6660004,50,4
1,894,47.333,50,4
1,893,35.666,50,4
1,893,7.6660004,50,4
1,892,15.999001,50,4
1,894,3.333,50,4
1,894,0.0,50,4
1,894,0.0,50,4
1,894,3.3330002,50,4
1,894,82.0,50,4
1,893,0.0,50,4
1,894,1.666,50,4
1,891,0.0,50,4
1,886,5.665001,50,4
1,873,6.9970093,50,4
1,894,1.6660004,50,4
8,64034.0,4.5455017,50,4
1,894,0.0,50,4
1,886,9.332001,50,4
1,894,0.0,50,4
1,894,3.3330002,50,4
1,885,3.3320007,50,4
1,893,7.0,50,4
1,893,0.99900055,50,4
1,894,13.333,50,4
2,2694.0,303.333,50,4
1,894,1.6660004,50,4
1,894,0.0,50,4
1,890,3.6660004,50,4
1,884,19.332,50,4
1,891,0.0,50,4
1,890,7.0,50,4
1,894,3.333,50,4
1,894,13.332001,50,4
1,893,0.0,50,4
1,894,21.0,50,4
4,11521.0,0.32096863,50,4
1,894,0.0,50,4
1,894,3.3330002,50,4
1,892,4.6660004,50,4
1,894,0.0,50,4
1,894,0.0,50,4
1,894,0.0,50,4
3,6220.0,1.3270187,50,4
1,894,6.6660004,50,4
1,893,0.0,50,4
9,103903.0,24.011574,50,4
3,6220.0,9.65802,50,4
1,892,25.332,50,4
1,893,1.0,50,4
1,894,2.0,50,4
1,893,1.6660004,50,4
3,6216.0,0.99399567,50,4
1,882,8.333,50,4
1,871,3.998001,50,4
1,879,1.9990005,50,4
1,892,8.333,50,4
1,883,4.665001,50,4
1,894,7.0,50,4
1,893,4.6660004,50,4
1,894,3.3330002,50,4
1,894,2.0,50,4
1,887,2.6660004,50,4
1,892,8.332001,50,4
1,894,3.3330002,50,4
1,894,3.3330002,50,4
1,893,5.333,50,4
1,894,25.666,50,4
3,6236.0,4.6630173,50,4
1,894,0.0,50,4
1,894,5.0,50,4
1,894,1.666,50,4
1,894,3.3330002,50,4
1,893,9.999001,50,4
4,11524.0,0.6601181,50,4
1,894,8.332001,50,4
2,2694.0,305.998,50,4
1,894,8.332001,50,4
1,889,5.333,50,4
1,893,9.999001,50,4
1,893,5.0,50,4
1,892,31.666,50,4
1,888,10.999001,50,4
1,894,0.0,50,4
1,894,0.0,50,4
1,894,6.666,50,4
5,18637.0,0.64411926,50,4
8,64192.0,5.895973,50,4
1,889,5.9990005,50,4
1,894,0.0,50,4
1,889,1.0,50,4
1,894,0.0,50,4
1,894,42.999,50,4
1,891,8.666,50,4
1,894,15.666,50,4
1,894,20.999,50,4
1,893,0.0,50,4
1,894,0.0,50,4
1,893,6.6660004,50,4
1,892,5.0,50,4
1,893,9.999001,50,4
4,11512.0,1.3190842,50,4
1,894,0.0,50,4
1,888,1.6660004,50,4
1,889,15.665001,50,4
4,11576.0,1.3240509,50,4
1,894,5.0,50,4
1,891,2.0,50,4
1,876,10.332001,50,4
1,894,0.0,50,4
1,894,3.3330002,50,4
1,894,8.333,50,4
1,894,11.999001,50,4
1,894,0.0,50,4
1,894,0.0,50,4
2,2684.0,330.331,50,4
1,894,6.0,50,4
1,893,5.0,50,4
1,894,109.333,50,4
1,888,6.6660004,50,4
5,18694.0,6.984985,50,4
1,887,2.3310008,50,4
1,886,8.332001,50,4
1,889,13.333,50,4
1,894,0.0,50,4
1,894,9.0,50,4
1,891,1.3330002,50,4
1,892,8.333,50,4
1,894,0.0,50,4
1,894,0.0,50,4
1,894,6.666,50,4
1,894,15.0,50,4
1,887,4.6660004,50,4
1,894,3.3330002,50,4
1,894,4.9990005,50,4
4,11542.0,9.988068,50,4
1,894,12.666,50,4
1,894,0.0,50,4
1,894,0.0,50,4
1,892,6.665001,50,4
1,894,8.333,50,4
1,894,8.333,50,4
1,890,5.333,50,4
1,894,0.0,50,4
1,885,8.333,50,4
1,894,0.0,50,4
1,893,47.0,50,4
1,872,4.330993,50,4
1,888,6.3320007,50,4
5,18652.0,19.984146,50,4
1,893,35.0,50,4
1,894,8.332001,50,4
1,893,4.0,50,4
1,894,0.0,50,4
1,890,23.332,50,4
2,2654.0,7.3300247,50,4
1,894,0.0,50,4
1,894,1.6660004,50,4
1,894,1.6660004,50,4
1,892,5.0,50,4
1,894,3.3320003,50,4
1,894,6.6660004,50,4
1,892,12.332001,50,4
1,894,21.0,50,4
1,892,11.333,50,4
1,894,6.6660004,50,4
1,894,3.3330002,50,4
1,894,3.3330002,50,4
1,894,0.0,50,4
1,888,15.0,50,4
1,889,1.6660004,50,4
1,883,6.6660004,50,4
1,894,4.9990005,50,4
1,894,0.0,50,4
1,893,6.6660004,50,4
1,887,30.999,50,4
1,892,9.999001,50,4
1,894,5.0,50,4
1,891,12.666,50,4
1,894,0.0,50,4
1,894,9.999001,50,4
1,891,0.0,50,4
1,888,1.6660004,50,4
1,884,9.999001,50,4
1,894,3.3320007,50,4
1,891,7.333,50,4
1,893,3.3330002,50,4
1,893,7.0,50,4
1,892,50.999,50,4
1,894,3.3330002,50,4
1,890,1.6650009,50,4
1,894,0.0,50,4
1,889,4.0,50,4
1,893,6.665,50,4
1,892,9.333,50,4
1,894,1.666,50,4
1,894,1.666,50,4
1,893,10.0,50,4
1,894,0.0,50,4
1,892,6.6660004,50,4
1,892,9.999001,50,4
1,894,61.666,50,4
1,894,0.0,50,4
1,893,13.333,50,4
3,6217.0,1.6629944,50,4
1,890,9.999001,50,4
1,894,0.0,50,4
3,6256.0,176.329,50,4
1,886,1.3320007,50,4
1,889,6.9990005,50,4
1,883,5.3310013,50,4
1,894,21.0,50,4
1,886,8.999001,50,4
1,893,4.9990005,50,4
1,893,3.333,50,4
1,889,6.333,50,4
1,889,3.6660004,50,4
3,6224.0,3.9940262,50,4
1,894,0.0,50,4
1,887,1.6660004,50,4
1,893,2.0,50,4
1,891,8.0,50,4
1,885,4.3320007,50,4
1,886,4.9990005,50,4
1,894,6.6660004,50,4
1,894,3.3320003,50,4
1,894,0.0,50,4
1,892,6.6660004,50,4
1,887,4.0,50,4
1,894,12.666,50,4
6,29164.0,8.631477,50,4
3,6215.0,2.9959488,50,4
1,894,8.333,50,4
1,893,1.6660004,50,4
1,894,10.0,50,4
3,6213.0,9.66201,50,4
1,891,1.0,50,4
1,894,5.0,50,4
1,894,0.0,50,4
1,894,5.0,50,4
1,894,21.666,50,4
1,885,3.665001,50,4
1,894,0.0,50,4
1,890,6.6660004,50,4
1,894,7.0,50,4
1,892,1.3320007,50,4
3,6242.0,5.3310013,50,4
1,889,22.0,50,4
1,894,3.3330002,50,4
1,894,6.666,50,4
1,894,93.666,50,4
1,894,0.0,50,4
1,894,3.3330002,50,4
1,894,3.333,50,4
1,883,2.3330002,50,4
1,891,8.333,50,4
1,882,2.998001,50,4
1,893,0.0,50,4
1,892,2.6660004,50,4
1,894,1.6660004,50,4
1,894,0.0,50,4
1,894,3.333,50,4
1,894,48.0,50,4
1,891,18.999,50,4
1,894,0.0,50,4
1,891,9.999001,50,4
1,894,11.665001,50,4
4,11583.0,12.99398,50,4
1,891,26.666,50,4
1,893,7.3320007,50,4
1,894,0.0,50,4
1,889,7.999,50,4
1,894,0.0,50,4
1,894,1.6660004,50,4
1,893,5.0,50,4
1,889,8.665001,50,4
1,894,16.666,50,4
1,894,15.333,50,4
1,894,1.666,50,4
1,892,0.0,50,4
9,105629.0,7.4359207,50,4
1,894,111.0,50,4
1,892,0.33300018,50,4
1,894,3.3330002,50,4
1,882,8.997009,50,4
6,29180.0,3.6325603,50,4
1,893,9.999,50,4
1,894,1.6660004,50,4
1,893,8.333,50,4
1,893,9.999001,50,4
1,894,3.3320003,50,4
1,894,0.0,50,4
1,892,5.333,50,4
1,894,1.6660004,50,4
1,894,5.0,50,4
1,892,23.332,50,4
1,889,5.3310013,50,4
1,894,0.0,50,4
1,891,17.0,50,4
2,2667.0,8.664001,50,4
1,894,0.0,50,4
1,892,5.0,50,4
1,871,5.6629944,50,4
5,18599.0,8.648972,50,4
1,894,4.999,50,4
1,893,7.6660004,50,4
1,891,8.666,50,4
1,894,0.0,50,4
1,891,5.0,50,4
1,894,5.0,50,4
1,894,6.666,50,4
1,893,8.333,50,4
1,893,3.3330002,50,4
1,894,0.0,50,4
1,893,0.0,50,4
1,894,8.0,50,4
1,885,0.0,50,4
1,894,0.0,50,4
1,894,5.333,50,4
1,894,0.0,50,4
1,892,3.3330002,50,4
1,891,6.6660004,50,4
1,894,15.0,50,4
1,893,21.666,50,4
1,894,0.0,50,4
1,894,7.0,50,4
1,884,103.998,50,4
1,894,3.3330002,50,4
1,893,3.3330002,50,4
1,893,2.0,50,4
1,894,6.6660004,50,4
1,890,0.0,50,4
1,891,0.0,50,4
1,879,7.333,50,4
6,29187.0,9.962395,50,4
1,893,3.6660004,50,4
1,894,0.0,50,4
1,894,22.666,50,4
1,881,9.997002,50,4
4,11531.0,12.659058,50,4
1,894,3.3320003,50,4
1,894,3.3330002,50,4
1,892,2.6660004,50,4
1,894,12.999001,50,4
1,894,14.0,50,4
1,894,19.0,50,4
2,2662.0,9.995995,50,4
1,892,3.3320007,50,4
1,888,8.333,50,4
2,2664.0,5.996002,50,4
1,889,5.665001,50,4
1,892,10.666,50,4
1,881,7.333,50,4
1,894,1.666,50,4
1,891,5.0,50,4
1,894,9.0,50,4
1,877,5.6650004,50,4
1,892,3.3330002,50,4
1,894,17.333,50,4
1,893,14.0,50,4
1,894,0.0,50,4
1,893,4.333,50,4
1,893,3.3330002,50,4
1,894,0.0,50,4
1,886,5.333,50,4
1,880,7.998001,50,4
1,894,0.0,50,4
1,893,6.6660004,50,4
1,894,6.6660004,50,4
1,894,9.666,50,4
10,190783.0,5125.3643,10,0
1,894,6.6660004,50,4
3,6234.0,6.993973,50,4
1,894,9.999001,50,4
1,894,6.0,50,4
1,894,0.0,50,4
1,894,0.0,50,4
1,893,11.0,50,4
1,893,0.0,50,4
1,891,1.6660004,50,4
2,2666.0,19.665,50,4
1,894,3.3330002,50,4
1,885,1.3330002,50,4
1,886,4.333,50,4
1,894,9.0,50,4
1,892,9.332001,50,4
1,894,4.9990005,50,4
3,6239.0,6.994972,50,4
5,18663.0,8.32,50,4
5,18607.0,81.31721,50,4
1,892,0.33300018,50,4
1,894,0.0,50,4
1,892,15.666,50,4
1,890,6.333,50,4
1,894,0.0,50,4
3,6213.0,8.659981,50,4
1,894,6.6660004,50,4
1,894,7.0,50,4
1,894,15.0,50,4
1,894,0.0,50,4
4,11594.0,4.661018,50,4
1,884,2.3320007,50,4
1,894,3.3330002,50,4
1,893,8.333,50,4
1,894,0.0,50,4
1,894,8.0,50,4
1,892,0.0,50,4
1,894,111.0,50,4
1,894,0.0,50,4
1,891,9.333,50,4
